id,date,format,topic,pillar,hook,caption,cta,post_time,reach,impressions,likes,comments,shares,saves,video_views,watch_time_sec,video_duration_sec,date_parsed,post_hour,day_of_week,time_of_day,hook_style,cta_style,engagements,engagement_rate_by_reach,like_rate,comment_rate,share_rate,save_rate,impression_frequency,average_watch_time_sec,retention_proxy,weighted_engagement_score,weighted_engagement_rate,views_exceed_reach,performance_band
1,2026-03-17,post,Summer Outfits,Promotion,You should try these shirts 💕✨️,"You should try these shirts 💕✨️
Follow then Comment ""LINK"" for links 🖇 

[ attractive shirts for boys, summer fashion inspiration,  aesthetic fashion ideas,  pinterest shirts, affordable fashion,  trending striped shirts under budget ]
#stripedshirts #pinterestfashion #mensfashion #afforɗablefashion #aestheticfashion","Follow then Comment ""LINK"" for links 🖇",12:20,120683,199528,5512,1729,105,186,,,,2026-03-17,12,Tuesday,Afternoon,Direct utility,Link-request comment,7532,6.24114415452052,4.5673375703288785,1.4326790020135396,0.08700479769312994,0.15412278448497305,1.6533231689633172,,,11863,9.82988490508191,False,typical
2,2026-03-17,post,Outfit Ideas,Promotion,These outfits on men 😩❤️‍🔥>>>>,"These outfits on men 😩❤️‍🔥>>>>
Follow + Comment “LINK” for outfit details 🖇

[summer outfits for men, affordable fashion, aesthetic outfits, date outfit ideas, men’s style inspiration]
#mensfashion #outfitideas #summerstyle #dateoutfit #ootd",,15:10,22900,31461,1097,277,18,83,,,,2026-03-17,15,Tuesday,Afternoon,Emotional / social,Missing,1475,6.441048034934497,4.790393013100436,1.2096069868995634,0.07860262008733625,0.3624454148471616,1.3738427947598253,,,2332,10.183406113537117,False,strong
3,2026-03-18,post,Sneaker Review,Promotion,Aura of Boots 💀 >>>,"Aura of Boots 💀 >>>
Follow then Comment ""LINK"" for links 🖇 
.
[ best shoes under budget , chelsea boots for men , sneakers finds , best loafers , premium sneakers under budget, trending fashion, affordable fashion ]
#afforɗablefashion #aestheticfashion #trendingfashion #shoes #mensfashion","Follow then Comment ""LINK"" for links 🖇",00:45,97950,165033,4618,1259,163,339,,,,2026-03-18,0,Wednesday,Late night,Aspirational,Link-request comment,6379,6.512506380806533,4.7146503318019395,1.2853496681980603,0.16641143440530884,0.3460949464012251,1.6848698315467074,,,10403,10.620724859622257,False,strong
4,2026-03-18,post,Outfit Ideas,Promotion,These Outfits 😩💗✨️>>>>,"These Outfits 😩💗✨️>>>>
Follow then Comment ""LINK"" for links 🖇 

[ aesthteic fashion finds, college fashion,  summer fashion, trending fashion, oldmoney outfits under budget, oldmoney fashion, attractive summer outfits for boys, outfit ideas under budget, ootd, grwm, men fashion inspiration, affordable fashion finds under budget ]
#oldmoneyfashion #outﬁtideas #mensfashion #afforɗablefashion #trendingfashion","Follow then Comment ""LINK"" for links 🖇",07:30,134666,226535,6280,1800,109,468,,,,2026-03-18,7,Wednesday,Morning,Emotional / social,Link-request comment,8657,6.428497170778074,4.663389422719915,1.3366402803974278,0.08094099475739978,0.3475264729033312,1.6821989217768405,,,13988,10.387180134555122,False,strong
5,2026-03-18,post,Summer Outfits,Education,Must Have Polo for Men >>>,"Must Have Polo for Men >>>
Follow then Comment ""POLO"" for links 🖇 

POV: You need only these polo tshirts for 7 days summer outfits 
[ men fashion guide,  style guide for boys, summer fashion inspiration, summer outfits ideas,  college fashion,  trending fashion, fashion blogger ]
#mensfashion #summerfashion #fashionguide #fashhionblogger #trendingfashion","Follow then Comment ""POLO"" for links 🖇",12:30,7250,11046,431,149,18,61,,,,2026-03-18,12,Wednesday,Afternoon,Emotional / social,Link-request comment,659,9.089655172413794,5.944827586206896,2.0551724137931036,0.24827586206896554,0.8413793103448275,1.5235862068965518,,,1194,16.46896551724138,False,strong
6,2026-03-18,video,Color Combo Guide,Education,Must have colors for men in 2026 >>>,"Must have colors for men in 2026 >>>
Follow & Comment ""LINK"" for shirts link 🖇

[ oldmoney fashion Inspiration, best color combination, oldmoney shirts, men fashion inspiration, affordable fashion finds under budget ]
.
Follow @aristostyling for more.
#oldmoneyinspiration #oldmoneyfashion #mensfashion #fashiontips #styleguide affordablefashion",Follow @aristostyling for more.,14:00,125666,174776,5604,1936,80,537,917778.0,3023095.0,6.4,2026-03-18,14,Wednesday,Afternoon,List / specificity,Follow,8157,6.491015867458183,4.459440103130521,1.5405917272770677,0.06366081517673834,0.42732322187385613,1.3907978291662024,3.293928379194097,51.46763092490777,13880,11.045151433164103,True,typical
7,2026-03-18,post,Budget Finds,Promotion,The 2nd one ✨️😩 >>>>,"The 2nd one ✨️😩 >>>>
Follow + Comment ""LINK"" 😁 for links 🖇 

Premium Attractive Checkered shirts for college boys

[ attractive shirts for men under ₹199 , premium casual shirts, trending fashion finds, affordable fashion under budget, oldmoney shirts ]
#oldmoney #shirts #fashionfind #premiumshirts #aestheticfashion","Follow + Comment ""LINK"" 😁 for links 🖇",15:30,17866,26017,787,285,33,57,,,,2026-03-18,15,Wednesday,Afternoon,Emotional / social,Link-request comment,1162,6.503974028881674,4.405015112504198,1.595208776446882,0.18470838464121794,0.31904175528937645,1.4562297100638084,,,2002,11.205642001567224,False,strong
8,2026-03-18,post,Outfit Ideas,Promotion,Must  have linen shirts >>> ✨,"Must  have linen shirts >>> ✨
Follow + Comment “LINK” for outfit details 🖇

[ men’s style inspiration, summer outfits for men, affordable fashion, aesthetic outfits, date outfit ideas ]
#mensfashion #outfitideas #summerstyle #dateoutfit #ootd",,17:14,75066,90392,3575,929,108,181,,,,2026-03-18,17,Wednesday,Evening,Emotional / social,Missing,4793,6.3850478245810365,4.762475688061173,1.237577598380092,0.1438733914155543,0.24112114672421603,1.2041669997069246,,,7518,10.015186635760532,False,typical
9,2026-03-18,post,Outfit Ideas,Promotion,Try these outfits ✨️❤️‍🔥 >>>,"Try these outfits ✨️❤️‍🔥 >>> 
Follow + Comment “LINK” for outfit details 🖇

[ men’s style inspiration, summer outfits for men, affordable fashion, aesthetic outfits, date outfit ideas ]
#mensfashion #outfitideas #summerstyle #dateoutfit #ootd",,23:56,31883,42508,1487,426,21,69,,,,2026-03-18,23,Wednesday,Night,Direct utility,Missing,2003,6.282344823260044,4.6639274848665435,1.336135244487658,0.06586582191136342,0.2164162719944798,1.3332496941943983,,,3125,9.80146159395289,False,typical
10,2026-03-19,post,Outfit Ideas,Promotion,CRINGE 🤡❌️ | CLASS 🔱✅️,"CRINGE 🤡❌️ | CLASS 🔱✅️
Follow & Comment ""LINK"" for outfits links 🖇

Try these oldmoney outfits under budget >>

[ attractive classy oldmoney summer outfits under budget , affordable summer fashion finds , men fashion inspiration,  ootd, outfit ideas, college fashion , oldmoney fashion ]
#oldmoneyoutfits #mensfashion #afforɗablefashion #summerfashion #outfitideas","Follow & Comment ""LINK"" for outfits links 🖇",01:45,123150,217451,5795,1594,132,324,,,,2026-03-19,1,Thursday,Late night,Other,Link-request comment,7845,6.370280146163215,4.705643524157532,1.2943564758424686,0.1071863580998782,0.2630937880633374,1.7657409663012587,,,12401,10.0698335363378,False,typical
11,2026-03-19,post,Outfit Ideas,Promotion,These Outfits ✨>>>,"These Outfits ✨>>>
Follow & Comment “LINK” for outfits link 🔗

[ aesthetic outfit ideas under budget, affordable men fashion, ootd, summer fashion inspiration, casual outfits ideas ]
#ootd #outfitideas #afforɗablefashion #menfashion #summeroutfits",,08:06,98883,160369,4335,1598,106,340,,,,2026-03-19,8,Thursday,Morning,Emotional / social,Missing,6379,6.451058321450604,4.383968932981403,1.616051292942164,0.10719739490104467,0.3438407006259923,1.6218055681967578,,,10913,11.036275193916042,False,strong
12,2026-03-19,post,Outfit Ideas,Promotion,These Outfits ✨>>>,"These Outfits ✨>>>
Follow & Comment “LINK” for outfits link 🔗

[ aesthetic outfit ideas under budget, affordable men fashion, ootd, summer fashion inspiration, casual outfits ideas ]
#ootd #outfitideas #afforɗablefashion #menfashion #summeroutfits",,12:23,51283,91153,2460,617,49,134,,,,2026-03-19,12,Thursday,Afternoon,Emotional / social,Missing,3260,6.356882397675643,4.796911257141743,1.2031277421367705,0.09554823235770138,0.26129516603942826,1.7774506171635824,,,5043,9.833668077140572,False,typical
13,2026-03-19,post,Summer Outfits,Education,Must Have Polo for Men >>>,"Must Have Polo for Men >>>
Follow then Comment ""POLO"" for links 🖇 

POV: You need only these polo tshirts for summer outfits 
[ men fashion guide,  style guide for boys, summer fashion inspiration, summer outfits ideas,  college fashion,  trending fashion, fashion blogger ]
#mensfashion #summerfashion #fashionguide #fashhionblogger #trendingfashion","Follow then Comment ""POLO"" for links 🖇",12:54,58750,81105,2791,734,59,230,,,,2026-03-19,12,Thursday,Afternoon,Emotional / social,Link-request comment,3814,6.491914893617021,4.7506382978723405,1.2493617021276595,0.10042553191489362,0.39148936170212767,1.3805106382978722,,,6149,10.466382978723404,False,strong
14,2026-03-19,video,Budget Finds,Promotion,Comment your favorite brand >>,"Comment your favorite brand >>
Follow & Comment ""Link"" for links 🖇 
#shopsy #shopsyfinds

[ brands guide for men , men fashion inspiration,  pinterest fashion, affordable fashion, fashion blogger ]
#fashionguide #fashhionblogger #mensfashion trendingfashion bestbrands","Follow & Comment ""Link"" for links 🖇",14:17,27850,43605,1250,421,37,40,140713.0,473747.0,6.1,2026-03-19,14,Thursday,Afternoon,Other,Link-request comment,1748,6.276481149012568,4.488330341113106,1.511669658886894,0.13285457809694795,0.1436265709156194,1.5657091561938958,3.3667607115191918,55.192798549494945,2821,10.129263913824058,True,typical
15,2026-03-20,post,Outfit Ideas,Promotion,Upgrade your look instantly ✨,"Upgrade your look instantly ✨
Follow + Comment “LINK” for outfit details 🖇

[summer outfits for men, affordable fashion, aesthetic outfits, date outfit ideas, men’s style inspiration, trending blue white striped shirt outfit ]
#mensfashion #outfitideas #summerstyle #dateoutfit #ootd",,06:05,95866,131066,4288,1464,198,180,,,,2026-03-20,6,Friday,Morning,Other,Missing,6130,6.394342102518098,4.472910103686396,1.5271316212212882,0.20653829303402668,0.18776208457638788,1.3671791876160475,,,10192,10.631506477791918,False,typical
16,2026-03-20,post,Budget Finds,Promotion,The 3rd combination 😩✨>>>>,"The 3rd combination 😩✨>>>>
Follow + Comment “LINK”💕 for links 🖇 

[ budget pinterest outfits , aesthetic minimal fashion, under ₹500 styling ideas, pinterest outfits inspo, neutral street style, everyday elevated basics, affordable men fashion, oldmoney outfits under budget, trending fashion ]
#budgetfashion #outﬁtideas #pintrestoutfit #ootd #afforɗablefashion",,14:08,368860,474699,13752,4691,406,1090,,,,2026-03-20,14,Friday,Afternoon,Emotional / social,Missing,19939,5.405573930488532,3.7282437781272026,1.2717562218727974,0.11006886081440113,0.29550506967413115,1.2869354226535814,,,33809,9.165808165699724,False,typical
17,2026-03-21,post,Budget Finds,Promotion,"Follow & Comment ""Link"" for links 🖇","Follow & Comment ""Link"" for links 🖇 
Must Have Gym T-Shirts >>>

[ gym guy finds, best fashion finds,  gymwears, best tshirts for gym under budget, men fashion inspiration,  affordable fashion finds under budget ]
#afforɗablefashion #underbudget #gymwear #tshirts #mensfashion","Follow & Comment ""Link"" for links 🖇",03:05,584920,786853,19966,9280,736,1359,,,,2026-03-21,3,Saturday,Late night,Other,Link-request comment,31341,5.358168638446283,3.4134582507009505,1.5865417492990495,0.12582917322026946,0.2323394652260138,1.3452318265745744,,,56186,9.605758052383232,False,weak
18,2026-03-22,post,Budget Finds,Promotion,These Aesthetic Outfits ✨️>>,"Follow then Comment ""LINK"" for links 🖇 
These Aesthetic Outfits ✨️>>

[ trending football jersey under budget,  football inspired outfits under budget,  men fashion inspiration, affordable fashion finds,  trending fashion, aesthetic fashion ideas, best fashion finds ]
#footballjerseys #mensfashion #outfitideas #afforɗablefshion #summerfashion","Follow then Comment ""LINK"" for links 🖇",06:36,154666,207651,7013,2267,274,339,,,,2026-03-22,6,Sunday,Morning,Aspirational,Link-request comment,9893,6.396363777430075,4.534286785718904,1.4657390764615366,0.17715593601696558,0.2191819792326691,1.3425769076590848,,,16266,10.516855676102052,False,typical
19,2026-03-23,post,Budget Finds,Promotion,The 3rd combination 😩✨>>>>,"The 3rd combination 😩✨>>>>
Follow + Comment “LINK”💕 for links 🖇 

[ budget pinterest outfits , aesthetic minimal fashion, under ₹500 styling ideas, pinterest outfits inspo, neutral street style, everyday elevated basics, affordable men fashion, oldmoney outfits under budget, trending fashion ]
#budgetfashion #outﬁtideas #pintrestoutfit #ootd #afforɗablefashion",,07:55,386260,610052,14326,4987,506,813,,,,2026-03-23,7,Monday,Morning,Emotional / social,Missing,20632,5.341479832237353,3.7089007404339047,1.2910992595660955,0.1309998446642158,0.21047998757313724,1.5793817635789364,,,34563,8.948117848081603,False,weak
20,2026-03-25,post,Budget Finds,Promotion,Must Have These Perfumes 🥵✨️>>>,"Must Have These Perfumes 🥵✨️>>>
Follow then Comment ""LINK"" for links 🖇 
 .
Oldmoney , Mens Accessories , Mens Fashion , Perfume under budget , College Fashion , Office Fashion , Best Perfume , Best Deodrant , Affordable Fashion, attractive perfume for men, perfume guide
#perfumeaddict #bestfinds #mensfashion #afforɗablefashion #aestheticfinds","Follow then Comment ""LINK"" for links 🖇",04:38,17550,22010,813,240,35,37,,,,2026-03-25,4,Wednesday,Late night,Emotional / social,Link-request comment,1125,6.41025641025641,4.632478632478632,1.3675213675213675,0.19943019943019943,0.2108262108262108,1.2541310541310542,,,1821,10.376068376068377,False,strong
21,2026-03-26,post,Budget Finds,Promotion,These combination 😩✨>>>>,"These combination 😩✨>>>>
Follow + Comment “LINK”💕 for links 🖇 

[ budget pinterest outfits , aesthetic minimal fashion, under ₹500 styling ideas, pinterest outfits inspo, neutral street style, everyday elevated basics, affordable men fashion, oldmoney outfits under budget, trending fashion ]
#budgetfashion #outﬁtideas #pintrestoutfit #ootd #afforɗablefashion",,09:43,50966,66862,2341,717,27,139,,,,2026-03-26,9,Thursday,Morning,Emotional / social,Missing,3224,6.325785817996311,4.593258250598438,1.406820233096574,0.0529764941333438,0.2727308401679551,1.3118942039791233,,,5156,10.116548287093357,False,typical
22,2026-03-26,post,Budget Finds,Promotion,These combination 😩✨>>>>,"These combination 😩✨>>>>
Follow + Comment “LINK”💕 for links 🖇 

[ budget pinterest outfits , aesthetic minimal fashion, under ₹500 styling ideas, pinterest outfits inspo, neutral street style, everyday elevated basics, affordable men fashion, oldmoney outfits under budget, trending fashion, best outfits ideas]
#budgetfashion #outﬁtideas #pintrestoutfit #ootd #afforɗablefashion",,13:31,46666,74970,2113,687,22,117,,,,2026-03-26,13,Thursday,Afternoon,Emotional / social,Missing,2939,6.297947113530193,4.527921827454677,1.4721638880555437,0.04714353062186603,0.2507178673981057,1.6065229503278617,,,4730,10.135859083701195,False,typical
23,2026-03-27,post,Outfit Ideas,Promotion,Upgrade your look instantly ✨,"Upgrade your look instantly ✨
Follow + Comment “LINK” for outfit details 🖇

[summer outfits for men, affordable fashion, aesthetic outfits, date outfit ideas, men’s style inspiration, trending blue white striped shirt outfit ]
#mensfashion #outfitideas #summerstyle #dateoutfit #ootd",,04:10,31016,41434,1448,413,51,56,,,,2026-03-27,4,Friday,Late night,Other,Missing,1968,6.34511220015476,4.668558163528502,1.3315708021666237,0.16443126128449834,0.1805519731751354,1.3358911529533144,,,3115,10.043203507866908,False,typical
24,2026-03-27,post,Sneaker Review,Promotion,Aura of Boots 💀 >>>,"Aura of Boots 💀 >>>
Follow then Comment ""LINK"" for links 🖇 
.
[ best shoes under budget , chelsea boots for men , sneakers finds , best loafers , premium sneakers under budget, trending fashion, affordable fashion ]
#afforɗablefashion #aestheticfashion #trendingfashion #shoes #mensfashion","Follow then Comment ""LINK"" for links 🖇",14:10,53750,86782,2392,833,60,183,,,,2026-03-27,14,Friday,Afternoon,Aspirational,Link-request comment,3468,6.452093023255815,4.450232558139535,1.549767441860465,0.11162790697674418,0.3404651162790698,1.6145488372093024,,,5863,10.907906976744187,False,strong
25,2026-03-28,post,Budget Finds,Promotion,Shirts you must have >>>>,"Shirts you must have >>>>
Follow then Comment ""LINK"" for links 🖇

[ attractive shirts for summer, rich look shirts under budget, oldmoney shirts in budet, college fashion for summer, oldmoney fashion,  best fashion finds,  affordable fashion finds under budget,  trending fashion ]
#richlook #oldmoneyshirts #shirts #afforɗablefshion #underbudget","Follow then Comment ""LINK"" for links 🖇",04:36,417040,534859,15738,5114,372,561,,,,2026-03-28,4,Saturday,Late night,Emotional / social,Link-request comment,21785,5.223719547285633,3.7737387300978322,1.2262612699021675,0.0892000767312488,0.13451947055438326,1.2825124688279301,,,34812,8.347400728946862,False,weak
26,2026-03-30,post,Budget Finds,Promotion,Shirts you must have >>>>,"Shirts you must have >>>>
Follow then Comment ""LINK"" for links 🖇

[ attractive shirts for summer, rich look shirts under budget, oldmoney shirts in budet, college fashion for summer, oldmoney fashion,  best fashion finds,  affordable fashion finds under budget,  trending fashion ]
#richlook #oldmoneyshirts #shirts #afforɗablefshion #underbudget","Follow then Comment ""LINK"" for links 🖇",03:32,45383,79638,2071,652,93,88,,,,2026-03-30,3,Monday,Late night,Emotional / social,Link-request comment,2904,6.398871824251372,4.563382764471278,1.436661304893903,0.20492254809069474,0.1939052067954961,1.754798052134059,,,4751,10.468677698697752,False,typical
27,2026-04-01,post,Outfit Ideas,Promotion,Try these outfits for an attractive look ✨️,"Try these outfits for an attractive look ✨️
Follow then Comment ""LINK"" for links

[ casual outfit ideas for boys under budget, summer fashion inspiration for boys, men fashion inspiration, oldmoney fashion inspiration, birthday outfits, college outfits, date outfits, attractive outfits combinations for boys, outfit ideas under ₹499, ootd, affordable fashion finds under budget, trending fashion finds, pinterest fashion inspiration,  aesthetic fashion ideas, best fashion finds ]
#affordablefashion #outfitideas #summerfashion #oldmoneyfashion #underbudget","Follow then Comment ""LINK"" for links",02:05,1625925,2594960,56230,8807,2400,3247,,,,2026-04-01,2,Wednesday,Late night,Aspirational,Link-request comment,70684,4.3473099927733445,3.458339099281947,0.5416609007180528,0.1476082845149684,0.199701708258376,1.5959899749373434,,,105239,6.472561772529484,False,weak
28,2026-04-01,post,Budget Finds,Promotion,Attractive Outfits Under Budget >>>,"Attractive Outfits Under Budget >>>
Follow & Comment ""LINK"" for links 🖇 

[ oldmoney outfits ideas under budget, best outfits combinations ideas, affordable fashion finds under budget, men fashion inspiration, best fashion finds, trending fashion ]
#oldmoneyfashion #outfitideas #afforɗablefshion #underbudget #aestheticfashion","Follow & Comment ""LINK"" for links 🖇",08:27,41100,62381,1892,574,37,65,,,,2026-04-01,8,Wednesday,Morning,Aspirational,Link-request comment,2568,6.248175182481751,4.603406326034063,1.3965936739659366,0.09002433090024331,0.15815085158150852,1.517785888077859,,,4022,9.785888077858882,False,typical
29,2026-04-02,post,Budget Finds,Promotion,"Follow + Comment ""LINK"" 😁 for shirt links 🖇","Follow + Comment ""LINK"" 😁 for shirt links 🖇 
No Follow = No Links :)

[ attractive shirts for men under ₹299 , premium casual shirts, trending fashion finds, affordable fashion under budget, oldmoney shirts ]
#oldmoney #shirts #fashionfind #premiumshirts #aestheticfashion","Follow + Comment ""LINK"" 😁 for shirt links 🖇",02:05,211760,368108,8354,2234,384,515,,,,2026-04-02,2,Thursday,Late night,Other,Link-request comment,11487,5.424537211938043,3.9450321118247076,1.0549678881752929,0.18133736305251227,0.24319984888553076,1.7383264072534945,,,18652,8.808084624102758,False,typical
30,2026-04-02,post,Budget Finds,Promotion,These Outfits 😩✨>>>>,"These Outfits 😩✨>>>>
Follow + Comment “LINK”💕 for links 🖇 

[ budget pinterest outfits , aesthetic minimal fashion, under ₹500 styling ideas, pinterest outfits inspo, neutral street style, everyday elevated basics, affordable men fashion, oldmoney outfits under budget, trending fashion ]
#budgetfashion #outﬁtideas #pintrestoutfit #ootd #afforɗablefashion",,07:46,85783,120389,3845,1302,92,254,,,,2026-04-02,7,Thursday,Morning,Emotional / social,Missing,5493,6.403366634414744,4.482240070876514,1.5177832437662475,0.10724735670237694,0.2960959630696059,1.403413263700267,,,9135,10.648963081263188,False,strong
31,2026-04-03,post,Outfit Ideas,Promotion,Try These Attractive Outfits ✨️>>>,"Try These Attractive Outfits ✨️>>>
Follow & Comment ""Link"" for links 🖇 

[ casual summer outfits inspiration under budget, affordable fashion, oldmoney fashion inspiration, ootd, aesthetic outfit ideas ]
#outfitideas #affordablefashion #oldmoneyfashion #aestheticfashion #underbudget","Follow & Comment ""Link"" for links 🖇",06:57,62633,108872,2899,859,131,200,,,,2026-04-03,6,Friday,Morning,Aspirational,Link-request comment,4089,6.528507336388166,4.628550444653777,1.3714814873948238,0.2091549183337857,0.31932048600577967,1.7382529976210623,,,6800,10.856896524196511,False,strong
32,2026-04-04,post,Budget Finds,Promotion,The 3rd combination 😩✨>>>>,"The 3rd combination 😩✨>>>>
Follow + Comment “LINK”💕 for links 🖇 

[ budget pinterest outfits , aesthetic minimal fashion, under ₹500 styling ideas, pinterest outfits inspo, neutral street style, everyday elevated basics, affordable men fashion, oldmoney outfits under budget, trending fashion ]
#budgetfashion #outﬁtideas #pintrestoutfit #ootd #afforɗablefashion",,04:37,136200,215906,6348,1824,84,241,,,,2026-04-04,4,Saturday,Late night,Emotional / social,Missing,8497,6.238619676945668,4.66079295154185,1.3392070484581498,0.06167400881057269,0.17694566813509546,1.5852129221732747,,,13120,9.632892804698972,False,typical
33,2026-04-04,post,Budget Finds,Promotion,Shirts you must have >>>>,"Shirts you must have >>>>
Follow then Comment ""LINK"" for links 🖇

[ attractive shirts for summer, rich look shirts under budget, oldmoney shirts in budet, college fashion for summer, oldmoney fashion,  best fashion finds,  affordable fashion finds under budget,  trending fashion ]
#richlook #oldmoneyshirts #shirts #afforɗablefshion #underbudget","Follow then Comment ""LINK"" for links 🖇",11:44,1601425,2785090,52465,11592,1797,1598,,,,2026-04-04,11,Saturday,Morning,Emotional / social,Link-request comment,67452,4.211998688667905,3.276144683641132,0.7238553163588679,0.11221256068813712,0.099786127979768,1.7391323352639056,,,100821,6.295705387389357,False,weak
34,2026-04-05,post,Budget Finds,Promotion,Men in these shirts 😩✨️💕 >>>,"Men in these shirts 😩✨️💕 >>>
Follow + Comment ""Shirt"" 😁 for links 🖇 

Premium Attractive shirts for college boys

[ attractive shirts for men under ₹299 , premium casual shirts, trending fashion finds, affordable fashion under budget, oldmoney shirts ]
#oldmoney #shirts #fashionfind #premiumshirts #aestheticfashion","Follow + Comment ""Shirt"" 😁 for links 🖇",01:32,26600,33539,1170,426,42,35,,,,2026-04-05,1,Sunday,Late night,Emotional / social,Link-request comment,1673,6.2894736842105265,4.398496240601504,1.6015037593984962,0.15789473684210525,0.13157894736842105,1.2608646616541352,,,2756,10.360902255639099,False,typical
35,2026-04-05,post,Budget Finds,Promotion,The 3rd combination 😩✨>>>>,"The 3rd combination 😩✨>>>>
Follow + Comment “LINK”💕 for links 🖇 

[ budget pinterest outfits , aesthetic minimal fashion, under ₹500 styling ideas, pinterest outfits inspo, neutral street style, everyday elevated basics, affordable men fashion, oldmoney outfits under budget, trending fashion ]
#budgetfashion #outﬁtideas #pintrestoutfit #ootd #afforɗablefashion",,05:38,80783,104733,3770,1077,120,243,,,,2026-04-05,5,Sunday,Late night,Emotional / social,Missing,5210,6.449376725301114,4.666823465333052,1.3332012923511134,0.14854610499733856,0.30080586261961056,1.2964732678905215,,,8453,10.463835212854189,False,strong
36,2026-04-06,post,Budget Finds,Promotion,Try These Aesthetic Outfits ✨️>>,"Follow then Comment ""LINK"" for links 🖇 
Try These Aesthetic Outfits ✨️>>

[ trending football jersey under budget,  football inspired outfits under budget,  men fashion inspiration, affordable fashion finds,  trending fashion, aesthetic fashion ideas, best fashion finds ]
#footballjerseys #mensfashion #outfitideas #afforɗablefshion #summerfashion","Follow then Comment ""LINK"" for links 🖇",10:57,59166,94143,2643,907,50,173,,,,2026-04-06,10,Monday,Morning,Aspirational,Link-request comment,3773,6.376973261670554,4.467092586958726,1.5329750194368388,0.08450799445627556,0.29239766081871343,1.5911672244194301,,,6256,10.573640266369198,False,typical
37,2026-04-10,post,Budget Finds,Promotion,You must have these 🔥 >>>,"You must have these 🔥 >>>
Follow then Comment ""LINK"" for links 🖇 
.
[ gym needs, gym clothes, gym fashion, men fashion inspiration, fashion finds, affordable fashion, trending fashion ]
#gymlifestyle #mensfashion #gymneeds #afforɗablefashion #trendingfashion","Follow then Comment ""LINK"" for links 🖇",04:22,71483,95955,3152,1137,72,212,,,,2026-04-10,4,Friday,Late night,Emotional / social,Link-request comment,4573,6.397325238168515,4.409440006714884,1.5905879719653622,0.10072324888435014,0.2965740106039198,1.3423471314858078,,,7699,10.77039296056405,False,typical
38,2026-04-15,post,Budget Finds,Promotion,Men in these shirts 😩✨️ >>>>,"Men in these shirts 😩✨️ >>>>
Follow then Comment ""LINK"" for links 🖇

[ attractive shirts for summer, rich look shirts under budget, oldmoney shirts in budet, college fashion for summer, oldmoney fashion,  best fashion finds,  affordable fashion finds under budget,  trending fashion ]
#richlook #oldmoneyshirts #shirts #afforɗablefshion #underbudget","Follow then Comment ""LINK"" for links 🖇",04:33,68933,109588,3302,834,145,207,,,,2026-04-15,4,Wednesday,Late night,Emotional / social,Link-request comment,4488,6.510669780801647,4.790158559760927,1.2098704539190228,0.2103491796381994,0.30029158748349843,1.589775579185586,,,7212,10.462332990004787,False,strong
39,2026-04-15,post,Outfit Ideas,Promotion,Try these outfits for an attractive look ✨️,"Try these outfits for an attractive look ✨️
Follow then Comment ""LINK"" for links

[ casual outfit ideas for boys under budget, summer fashion inspiration for boys, men fashion inspiration, oldmoney fashion inspiration, birthday outfits, college outfits, date outfits, attractive outfits combinations for boys, outfit ideas under ₹499, ootd, affordable fashion finds under budget, trending fashion finds, pinterest fashion inspiration,  aesthetic fashion ideas, best fashion finds ]
#affordablefashion #outfitideas #summerfashion #oldmoneyfashion #underbudget","Follow then Comment ""LINK"" for links",11:15,39766,61278,1907,479,26,92,,,,2026-04-15,11,Wednesday,Morning,Aspirational,Link-request comment,2504,6.296836493486898,4.795553990846452,1.2045465975959362,0.06538248755218025,0.23135341749233015,1.5409646431625006,,,3816,9.596137403812302,False,typical
40,2026-04-15,post,Summer Outfits,Promotion,You should have all the pants 💀 >>>,"You should have all the pants 💀 >>>
Follow then Comment ""LINK"" for links

[ aesthetic fashion finds , straight fit , mid rise jeans pants , men fashion , affordable finds under budget , menswear under budget , college fashion, summer fashion, jeans pants under ₹299 ]
.
Follow for more!
#fashionﬁnds #loosefitjeans #straightfitjeans👖 #menswear #menfashion","Follow then Comment ""LINK"" for links",12:25,70600,95953,3348,888,66,263,,,,2026-04-15,12,Wednesday,Afternoon,Emotional / social,Link-request comment,4565,6.4660056657223794,4.742209631728046,1.2577903682719547,0.09348441926345609,0.3725212464589235,1.3591076487252125,,,7328,10.379603399433428,False,strong
41,2026-04-15,post,Budget Finds,Promotion,Men in these shirts 😩✨️ >>>>,"Men in these shirts 😩✨️ >>>>
Follow then Comment ""LINK"" for links 🖇

[ attractive shirts for summer, rich look shirts under budget, oldmoney shirts in budet, college fashion for summer, oldmoney fashion,  best fashion finds,  affordable fashion finds under budget,  trending fashion ]
#richlook #oldmoneyshirts #shirts #afforɗablefshion #underbudget","Follow then Comment ""LINK"" for links 🖇",14:20,301560,432997,11277,3801,515,694,,,,2026-04-15,14,Wednesday,Afternoon,Emotional / social,Link-request comment,16287,5.40091524074811,3.739554317548747,1.2604456824512535,0.17077861785382678,0.23013662289428305,1.4358568775699696,,,27516,9.124552327894946,False,typical
42,2026-04-17,post,Summer Outfits,Promotion,These striped shirts 💗😩✨️>>>>,"These striped shirts 💗😩✨️>>>>
Follow then Comment ""Link"" for links 🖇 

Aesthetic striped pinterest shirts under budget 
[ premium shirts under budget for college boys, men fashion inspiration, affordable fashion finds under budget, aesthteic fashion finds, summer fashion, trending fashion, pinterest fashion ]
#pinterestfashion #aestheticfashion #stripedshirts #trendingfashion #affordablefashion","Follow then Comment ""Link"" for links 🖇",05:01,71916,120594,3261,1054,98,191,,,,2026-04-17,5,Friday,Late night,Emotional / social,Link-request comment,4604,6.401913343345014,4.534456866344068,1.465598754102008,0.13627009288614494,0.2655876300127927,1.6768730185216085,,,7579,10.538684020245842,False,typical
43,2026-04-18,post,Budget Finds,Promotion,"Follow & Comment ""Link"" for links 🖇","Follow & Comment ""Link"" for links 🖇 
Must Have Gym T-Shirts >>>

[ gym guy finds, best fashion finds,  gymwears, best tshirts for gym under budget, men fashion inspiration,  affordable fashion finds under budget ]
#afforɗablefashion #underbudget #gymwear #tshirts #mensfashion","Follow & Comment ""Link"" for links 🖇",05:04,61183,91499,2709,962,48,179,,,,2026-04-18,5,Saturday,Late night,Other,Link-request comment,3898,6.37105078207999,4.42770050504225,1.5723321837765394,0.0784531650948793,0.29256492816632074,1.4954971152117418,,,6503,10.628769429416668,False,typical
44,2026-04-19,post,Budget Finds,Promotion,"Follow & Comment ""Link"" for links 🖇","Follow & Comment ""Link"" for links 🖇 
Must Have Gym T-Shirts >>>

[ gym guy finds, best fashion finds,  gymwears, best tshirts for gym under budget, men fashion inspiration,  affordable fashion finds under budget ]
#afforɗablefashion #underbudget #gymwear #tshirts #mensfashion","Follow & Comment ""Link"" for links 🖇",09:52,39433,53962,1852,514,20,115,,,,2026-04-19,9,Sunday,Morning,Other,Link-request comment,2501,6.342403570613446,4.696573935536226,1.3034767834047625,0.050718940988512165,0.2916339106839449,1.3684477468110465,,,3934,9.976415692440343,False,typical
45,2026-04-24,post,Summer Outfits,Promotion,Men in these outfits 😩✨️🌸 >>>>>,"Follow then Comment ""Link"" for outfit links 🖇 
Men in these outfits 😩✨️🌸 >>>>>

Follow @budgetfitzz for more!

[ boys outfits ideas, summer fashion inspiration, college fashion ideas, affordable fashion finds, boys fashion under budget, ootd, trending fashion, aesthetic fashion inspiration. best outfit combination, men fashion inspiration ]
#ootd #boysfashion #outfitideas #aestheticfashion #afforɗablefshion",Follow @budgetfitzz for more!,00:40,28850,37685,1326,405,63,103,,,,2026-04-24,0,Friday,Late night,Emotional / social,Follow,1897,6.575389948006932,4.596187175043327,1.4038128249566724,0.21837088388214904,0.35701906412478335,1.3062391681109184,,,3205,11.109185441941074,False,strong
46,2026-04-24,post,Summer Outfits,Promotion,these outfits 😩✨️🌸 >>>>>,"Follow then Comment ""Link"" for outfit links 🖇 
these outfits 😩✨️🌸 >>>>>

Follow @budgetfitzz for more!

[ boys outfits ideas, summer fashion inspiration, college fashion ideas, affordable fashion finds, boys fashion under budget, ootd, trending fashion, aesthetic fashion inspiration. best outfit combination, men fashion inspiration ]
#ootd #boysfashion #outfitideas #aestheticfashion #afforɗablefshion",Follow @budgetfitzz for more!,09:10,30783,53836,1367,480,33,42,,,,2026-04-24,9,Friday,Morning,Emotional / social,Follow,1922,6.243705941591138,4.440762758665497,1.5593022122600138,0.10720202709287593,0.1364389435727512,1.748887372900627,,,3107,10.093233278108046,False,typical
47,2026-04-27,post,Budget Finds,Promotion,No Follow = No Link ❌️,"Follow then Comment ""Link"" for links 🖇
No Follow = No Link ❌️
.
[ oldmoney flip flop for summer under ₹99, best slippers , rich look classy slippers, best fashion finds under budget, affordable fashion, men fashion inspiration ] 
#afforɗablefashion #slippersformen #bestfinds #mensfashion #underbudget","Follow then Comment ""Link"" for links 🖇",07:06,778760,1368274,29987,8951,813,2348,,,,2026-04-27,7,Monday,Morning,Other,Link-request comment,42099,5.40590168986594,3.8506086599208995,1.1493913400791,0.10439673326827265,0.3015049565976681,1.756990600441728,,,69484,8.922389439621963,False,typical
48,2026-04-30,post,Budget Finds,Promotion,These perfumes make you smell attractive ✨️🥵 [Must Have],"Follow then Comment ""Link"" for perfume links 🖇
These perfumes make you smell attractive ✨️🥵 [Must Have]
Follow @budgetfitzz for more.

[ must have perfume for boys, college style inspiration, attractive perfume for boys under budget, men fashion inspiration, affordable fashion finds under budget, top 5 attractive perfumes for men under budget ]
#attractive #perfume #menfashion #perfumeaddict #bestfinds",Follow @budgetfitzz for more.,03:54,56400,100288,2477,907,109,110,,,,2026-04-30,3,Thursday,Late night,Aspirational,Follow,3603,6.388297872340426,4.391843971631205,1.6081560283687943,0.19326241134751773,0.1950354609929078,1.7781560283687943,,,6074,10.76950354609929,False,typical
49,2026-04-30,post,Summer Outfits,Promotion,Men in these outfits 😩✨️🌸 >>>>>,"Follow then Comment ""Link"" for outfit links 🖇 
Men in these outfits 😩✨️🌸 >>>>>

Follow @budgetfitzz for more!

[ boys outfits ideas, summer fashion inspiration, college fashion ideas, affordable fashion finds, boys fashion under budget, ootd, trending fashion, aesthetic fashion inspiration. best outfit combination, men fashion inspiration ]
#ootd #boysfashion #outfitideas #aestheticfashion #afforɗablefshion",Follow @budgetfitzz for more!,11:22,105233,150594,5027,1287,221,230,,,,2026-04-30,11,Thursday,Morning,Emotional / social,Follow,6765,6.428591791548278,4.777018615833437,1.2230003896116237,0.2100101679131071,0.21856261819011147,1.43105299668355,,,10692,10.16031092908118,False,strong
50,2026-05-01,post,Summer Outfits,Promotion,Men in these outfits 😩✨️🌸 >>>>>,"Men in these outfits 😩✨️🌸 >>>>>
Follow then Comment ""Link"" for outfit links 🖇 

Follow @budgetfitzz for more!

[ boys outfits ideas, summer fashion inspiration, college fashion ideas, affordable fashion finds, boys fashion under budget, best outfit combination, men fashion inspiration under budget, ootd, trending fashion, aesthetic fashion inspiration.]
#ootd #boysfashion #outfitideas #aestheticfashion #afforɗablefshion",Follow @budgetfitzz for more!,01:40,27216,35426,1228,405,39,94,,,,2026-05-01,1,Friday,Late night,Emotional / social,Follow,1766,6.48883009994121,4.512051734273957,1.488095238095238,0.1432980599647266,0.3453850676072898,1.3016607877718989,,,2975,10.931069958847736,False,strong
51,2026-05-01,post,Summer Outfits,Promotion,You should have all these pants 💀 >>>,"You should have all these pants 💀 >>>
Follow then Comment ""LINK"" for links

[ aesthetic fashion finds , straight fit , mid rise jeans pants , men fashion , affordable finds under budget , menswear under budget , college fashion, summer fashion, jeans pants under ₹299 ]
.
Follow for more!
#fashionﬁnds #loosefitjeans #straightfitjeans👖 #menswear #menfashion","Follow then Comment ""LINK"" for links",04:10,123666,200044,5798,1622,190,202,,,,2026-05-01,4,Friday,Late night,Emotional / social,Link-request comment,7812,6.317015186065693,4.688434978086136,1.3115973671017094,0.15363964226222243,0.16334319861562596,1.6176151893002118,,,12232,9.891158442902658,False,typical
52,2026-05-01,post,Outfit Ideas,Promotion,These Outfits 😩💗✨️>>>>,"These Outfits 😩💗✨️>>>>
Follow then Comment ""LINK"" for links 🖇 

[ aesthteic fashion finds, college fashion,  summer fashion, trending fashion, oldmoney outfits under budget, oldmoney fashion, attractive summer outfits for boys, outfit ideas under budget, ootd, grwm, men fashion inspiration, affordable fashion finds under budget ]
#oldmoneyfashion #outﬁtideas #mensfashion #afforɗablefashion #trendingfashion","Follow then Comment ""LINK"" for links 🖇",06:00,103550,162470,4699,1514,233,173,,,,2026-05-01,6,Friday,Morning,Emotional / social,Link-request comment,6619,6.392081120231772,4.537904394012554,1.4620956059874457,0.22501207146306135,0.1670690487687108,1.5690004828585224,,,10865,10.49251569290198,False,typical
53,2026-05-01,post,Budget Finds,Promotion,These Aesthetic Outfits ✨️>>,"Follow then Comment ""LINK"" for links 🖇 
These Aesthetic Outfits ✨️>>

[ trending football jersey under budget,  football inspired outfits under budget,  men fashion inspiration, affordable fashion finds,  trending fashion, aesthetic fashion ideas, best fashion finds ]
#footballjerseys #mensfashion #outfitideas #afforɗablefshion #summerfashion","Follow then Comment ""LINK"" for links 🖇",09:20,24466,36968,1133,335,51,75,,,,2026-05-01,9,Friday,Morning,Aspirational,Link-request comment,1594,6.5151639009237305,4.630916373743154,1.369247118450094,0.20845254639090985,0.3065478623395733,1.5109948499959127,,,2642,10.798659364015368,False,strong
54,2026-05-01,post,Budget Finds,Promotion,These shirts make you attractive ✨️💗 >>>>,"These shirts make you attractive ✨️💗 >>>>
Follow then Comment ""Link"" for links 🖇 

Must have shirts in 2026 under budget >>>

[ you should have these shirts in your wardrobe, must have shirt colors for men, men fashion inspiration,  best fashion finds,  affordable fashion finds under budget,  best fashion finds,  oldmoney shirts under budget, oldmoney fashion inspiration ]
#oldmoneyfashion #summerfashion #shirts #underbudget #afforɗablefshion","Follow then Comment ""Link"" for links 🖇",12:10,48383,78293,2246,657,85,107,,,,2026-05-01,12,Friday,Afternoon,Aspirational,Link-request comment,3095,6.396874935411198,4.642126366699047,1.357914970134138,0.17568154103714115,0.22115205754087178,1.6181923402848108,,,4985,10.303205671413513,False,typical
55,2026-05-01,post,Budget Finds,Promotion,These check shirts make you attractive ✨️💗 >>>>,"These check shirts make you attractive ✨️💗 >>>>
Follow then Comment ""Link"" for links 🖇 

Must have shirts in 2026 under budget >>>

[ you should have these shirts in your wardrobe, must have check shirt  for men, men fashion inspiration,  best fashion finds,  affordable fashion finds under budget,  best fashion finds,  check shirts under budget, oldmoney fashion inspiration ]
#oldmoneyfashion #summerfashion #shirts #underbudget #afforɗablefshion","Follow then Comment ""Link"" for links 🖇",13:30,8850,12178,528,180,22,37,,,,2026-05-01,13,Friday,Afternoon,Aspirational,Link-request comment,767,8.666666666666668,5.966101694915254,2.0338983050847457,0.24858757062146894,0.4180790960451978,1.376045197740113,,,1304,14.734463276836157,False,strong
56,2026-05-02,post,Summer Outfits,Promotion,Attractive outfits for men 🤌✨️💕 >>>>,"Attractive outfits for men 🤌✨️💕 >>>>
Follow then Comment ""LINK"" for links 🔗

Follow @budgetfitzz for more.

Attractive Summer outfits ideas for men under budget >>

[ ootd, pinterest fashion, aesthetic fashion, outfits inspiration, men fashion inspiration, affordable fashion finds under budget, summer fashion inspiration, college fashion inspiration, attractive outfits for men ]
#summerfashion #outfitideas #aestheticfashion #aestheticstyle #afforɗablefshion",Follow @budgetfitzz for more.,02:50,117916,202844,4748,2327,220,263,,,,2026-05-02,2,Saturday,Late night,Aspirational,Follow,7558,6.409647545710506,4.026595203365107,1.9734387190881644,0.1865734929950134,0.22304013026222058,1.7202415278672953,,,13661,11.585365853658537,False,strong
57,2026-05-02,post,Outfit Ideas,Promotion,Attractive Summer Outfits for Men 🤌✨💕,"Attractive Summer Outfits for Men 🤌✨💕
Follow + Comment “LINK” to get outfit links 🔗
Follow @budgetfitzz for more affordable men’s fashion inspiration.

Affordable. Clean. Attractive.
Summer fits that make you look stylish and expensive without spending too much.

Summer outfit ideas for men under budget ☀️

• casual summer outfits for men
• affordable men’s fashion
• aesthetic outfit ideas
• men’s streetwear inspiration
• college outfit ideas for guys
• pinterest-inspired men’s fashion
• budget-friendly fashion finds
• attractive outfits for men
• old money summer outfits
• minimal men’s style inspiration
#summerfashion #mensfashion #mensstyle #outfitideas #budgetfashion",Follow @budgetfitzz for more affordable men’s fashion inspiration.,05:00,56150,84276,1668,1701,69,104,,,,2026-05-02,5,Saturday,Late night,Aspirational,Follow,3542,6.308103294746216,2.9706144256455924,3.029385574354408,0.12288512911843277,0.18521816562778273,1.5009082813891363,,,7463,13.291184327693678,False,typical
58,2026-05-02,post,Budget Finds,Promotion,Shirts you must have ✨️ >>>>,"Shirts you must have ✨️ >>>>
Follow then Comment ""LINK"" for links 🖇

[ attractive shirts for summer, rich look shirts under budget, oldmoney shirts in budet, college fashion for summer, oldmoney fashion,  best fashion finds,  affordable fashion finds under budget,  trending fashion ]","Follow then Comment ""LINK"" for links 🖇",07:47,672180,1089724,29211,4398,1221,2176,,,,2026-05-02,7,Saturday,Morning,Emotional / social,Link-request comment,37006,5.505370585259901,4.345710970275819,0.654289029724181,0.1816477729179684,0.32372281234193223,1.6211788509030318,,,55993,8.330060400487964,False,typical
59,2026-05-03,post,Summer Outfits,Promotion,These outfits 😩✨️💕 >>>,"These outfits 😩✨️💕 >>>
Follow + Comment ""LINK"" to get all the links 🖇

Follow @budgetfitzz for more.

[ pinterest aesthetic outfits inspiration,  men fashion inspiration, attractive outfits ideas under budget, trending fashion finds,  affordable fashion finds for men, summer fashion inspiration,  college fashion inspiration, aesthetic fashion ideas]
#outfitideas #mensfashion #aestheticfashion #afforɗablefshion #trendingfashion",Follow @budgetfitzz for more.,03:15,40233,56438,1643,771,41,57,,,,2026-05-03,3,Sunday,Late night,Emotional / social,Follow,2512,6.24363085029702,4.083712375413218,1.916337335023488,0.10190639524768225,0.1416747446126314,1.4027788134118757,,,4348,10.807048939924938,False,typical
60,2026-05-05,post,Summer Outfits,Promotion,These outfits 😩✨️💕 >>>,"These outfits 😩✨️💕 >>>
Follow + Comment ""LINK"" to get all the links 🖇

Follow @budgetfitzz for more.

[ trending fashion finds,  affordable fashion finds for men, pinterest aesthetic outfits inspiration,  men fashion inspiration, attractive outfits ideas under budget, summer fashion inspiration,  college fashion inspiration, aesthetic fashion ideas]
#outfitideas #mensfashion #aestheticfashion #afforɗablefshion #trendingfashion",Follow @budgetfitzz for more.,03:25,97050,150133,4044,1779,46,215,,,,2026-05-05,3,Tuesday,Late night,Emotional / social,Follow,6084,6.268933539412674,4.166924265842349,1.8330757341576507,0.04739824832560536,0.22153529108706851,1.5469654817104586,,,10425,10.741885625965997,False,typical
61,2026-05-07,post,Budget Finds,Promotion,These striped shirts ✨️💗😩🤌,"Follow then Comment ""LINK"" for shirt links 🖇
These striped shirts ✨️💗😩🤌

[ aesthetic striped shirts for men under budget, trending striped shirt finds under budget ,linen shirts, oldmoney fashion, polo shirts, affordable fashion finds,  trending fashion finds,  men fashion inspiration ]
#stripedshirts #afforɗablefshion #mensfashion #trendingfashion #aestheticfashion","Follow then Comment ""LINK"" for shirt links 🖇",08:40,105983,161686,4863,1496,104,289,,,,2026-05-07,8,Thursday,Morning,Other,Link-request comment,6752,6.370833058131964,4.588471736033138,1.411547134917864,0.09812894520819376,0.2726852419727692,1.5255842918203864,,,10923,10.306369889510583,False,typical
62,2026-05-08,post,Outfit Ideas,Promotion,These outfits make you look more aesthetic instantly.,"Follow then Comment ""LINK"" for outfits links 🖇
These outfits make you look more aesthetic instantly.

[ aesthetic fashion finds, aesthetic outfit ideas under budget, men fashion inspiration, affordable fashion finds under budget, ootd, striped shirts, trending fashion finds, oldmoney fashion, summer fashion inspiration, college outfit ideas ]
#oldmoney #aestheticfashion #outfitideas #summerfashion  #afforɗablefshion","Follow then Comment ""LINK"" for outfits links 🖇",02:55,53450,65118,2105,1102,24,149,,,,2026-05-08,2,Friday,Late night,Aspirational,Link-request comment,3380,6.323666978484566,3.938260056127222,2.061739943872778,0.04490177736202058,0.27876520112254444,1.2182974742750234,,,6103,11.418147801683817,False,typical
63,2026-05-08,post,Summer Outfits,Promotion,You must have all these shirts this summer ☀️,"You must have all these shirts this summer ☀️
FOLLOW THEN COMMENT ""SHIRT"" FOR LINKS 🔗

[ attractive summer shirts for men under budget, affordable fashion finds for men,  trending fashion finds under budget,  summer fashion inspiration, college fashion inspiration, solid shirts for summer under ₹199, flipkart fashion finds ]

Follow @budgetfitzz for more.
#shirts #afforɗablefshion #trendingfashion #mensfashion #summerfashion",Follow @budgetfitzz for more.,10:57,108816,154095,3606,2923,54,202,,,,2026-05-08,10,Friday,Morning,Other,Follow,6785,6.235296279958829,3.3138509042787825,2.6861858550213205,0.04962505513895015,0.1856344655197765,1.416106087340097,,,13399,12.31344655197765,False,typical
64,2026-05-08,post,Summer Outfits,Promotion,You must have these linen pants this summer ☀️,"You must have these linen pants this summer ☀️ 
FOLLOW THEN COMMENT ""LINK"" FOR LINKS 🖇

[ must have linen pants for summer under budget, affordable fashion finds for men, men fashion inspiration, trending fashion finds under budget, aesthetic fashion inspiration, summer fashion inspiration ]

Follow @budgetfitzz for more.
#linenpants #summerfashion #mensfashion #afforɗablefshion #trendingfashion",Follow @budgetfitzz for more.,13:50,124266,206529,2620,4836,48,160,,,,2026-05-08,13,Friday,Afternoon,Other,Follow,7664,6.167415061239599,2.1083804097661467,3.8916517792477427,0.03862681666747139,0.12875605555823796,1.6619912123992082,,,17960,14.452867236412212,False,typical
65,2026-05-09,post,Budget Finds,Promotion,The last combination 😩✨>>>>,"The last combination 😩✨>>>>
Follow + Comment “LINK”💕 for links 🖇 

[ budget pinterest outfits , aesthetic minimal fashion, under ₹500 styling ideas, pinterest outfits inspo, neutral street style, everyday elevated basics, affordable men fashion, oldmoney outfits under budget, trending fashion ]

Follow @budgetfitzz for more.
#budgetfashion #outﬁtideas #pintrestoutfit #ootd #afforɗablefashion",Follow @budgetfitzz for more.,07:26,580600,726451,22779,6251,274,1288,,,,2026-05-09,7,Saturday,Morning,Emotional / social,Follow,30592,5.269032035825009,3.923355149844988,1.076644850155012,0.04719255942128832,0.22183947640372026,1.2512073716844643,,,47780,8.229417843610058,False,weak
66,2026-05-09,post,Budget Finds,Promotion,These T-shirts make you look attractive these summer ✨️,"These T-shirts make you look attractive these summer ✨️
Follow then Comment ""LINK"" for links 🖇

[ must have polo zip tshirts for summer under budget, men fashion inspiration,  flipkart fashion finds for summer, affordable fashion finds under budget, hal zip polo tshirts, attractive half zip tshirts for summers college ]
#summerfashion #polotshirts #mensfashion #afforɗablefshion #underbudget","Follow then Comment ""LINK"" for links 🖇",10:18,900820,1373192,39595,5446,1405,2625,,,,2026-05-09,10,Saturday,Morning,Aspirational,Link-request comment,49071,5.447370173841612,4.395439710486001,0.6045602895139983,0.1559690060167403,0.29140116782487063,1.5243800093248374,,,72053,7.99860127439444,False,typical
67,2026-05-09,post,Budget Finds,Promotion,The last combination 😩✨>>>>,"The last combination 😩✨>>>>
Follow + Comment “LINK”💕 for links 🖇 

[ budget pinterest outfits , aesthetic minimal fashion, under ₹500 styling ideas, pinterest outfits inspo, neutral street style, everyday elevated basics, affordable men fashion, oldmoney outfits under budget, trending fashion ]

Follow @budgetfitzz for more.
#budgetfashion #outﬁtideas #pintrestoutfit #ootd #afforɗablefashion",Follow @budgetfitzz for more.,16:39,135300,241579,5775,2343,177,266,,,,2026-05-09,16,Saturday,Afternoon,Emotional / social,Follow,8561,6.327420546932743,4.2682926829268295,1.731707317073171,0.13082039911308205,0.19660014781966,1.7855062823355505,,,14576,10.77309682187731,False,typical
68,2026-05-10,post,Outfit Ideas,Promotion,"Comment ""LINK"" for all outfit links 🔗","Comment ""LINK"" for all outfit links 🔗
Why these outfits make you look more attractive ✨️👇

🩷 Pink Shirt + White Pants 

Light colors instantly brighten your face & skin.
Open collar gives that effortless, confident vibe.
Clean white bottom perfectly balances the soft pink 🤍

🩵 Light Blue Striped Shirt + Cream Pants 

Vertical stripes make you look taller & leaner.
Blue tones complement every skin tone beautifully.
Cream pants add that rich, put-together finish 💫

🤎 Brown Shirt + Beige Pants
 
Earth tones make you look naturally mature & stylish.
Monochrome combo creates a longer, sharper silhouette.
Throw on some shades and you're on a different level 😎🕶️

💜 Lavender Shirt + Off White Linen Pants

Soft purple is the most underrated color for men.
It makes your skin glow & face look fresher instantly.
Linen pants keep the whole look light & premium 🌿

🤍 White Shirt + Light Blue Jeans 

The most classic combo that never fails — ever.
White creates a clean, sharp & well-groomed appearance.
Light blue jeans add just the right casual edge 👌

All 5 outfits starting at just ₹459/- 💸
Looking attractive on a budget, that's the goal ✅

Follow @budgetfitzz for daily outfit inspiration 🔥

#mensoutfitideas #budgetfashionindia #indianmensfashion #outfitinspo #casualmenswear",Follow @budgetfitzz for daily outfit inspiration 🔥,02:00,605040,1014719,22985,7267,478,1194,,,,2026-05-10,2,Sunday,Late night,Other,Follow,31924,5.276345365595663,3.79892238529684,1.20107761470316,0.07900304112124819,0.1973423244744149,1.6771106042575696,,,51474,8.507536691788973,False,weak
69,2026-05-10,post,Budget Finds,Promotion,The last combination 😩✨>>>>,"The last combination 😩✨>>>>
Follow + Comment “LINK”💕 for links 🖇 

[ everyday elevated basics, affordable men fashion, oldmoney outfits under budget, trending fashion, budget pinterest outfits , aesthetic minimal fashion, under ₹500 styling ideas, pinterest outfits inspo, neutral street style ]

Follow @budgetfitzz for more.
#budgetfashion #outﬁtideas #pintrestoutfit #ootd #afforɗablefashion",Follow @budgetfitzz for more.,07:46,92700,115603,3307,2255,36,258,,,,2026-05-10,7,Sunday,Morning,Emotional / social,Follow,5856,6.31715210355987,3.5674217907227614,2.4325782092772386,0.03883495145631068,0.2783171521035599,1.2470658036677453,,,11248,12.133764832793958,False,typical
70,2026-05-10,post,Sneaker Review,Promotion,"Comment ""LINK"" for all footwear links 👇🔗","Comment ""LINK"" for all footwear links 👇🔗
Why these shoes instantly upgrade your whole look 👇✨

🟫 Birkenstock Style Clogs — ₹190/-
Closed toe design looks clean, minimal & expensive.
Pairs perfectly with jeans, trousers or loose pants.
The kind of shoe that makes your outfit look effortless 🤎

🪵 Double Strap Sandals — ₹150/-
Two straps = more structured & stylish than basic slippers.
Earth tones go with literally every outfit you own.
Wear it with white pants and you're automatically aesthetic 👌

🖤 Super Slides — ₹190/-
Bold graphic design makes plain outfits pop instantly.
Chunky sole adds height & gives a streetwear edge.
Black + white combo works with any color outfit 🔥

🟠 Olive Patch Slides — ₹190/-
The orange patch detail makes it stand out from the crowd.
Earthy olive tone is the most trendy color right now.
Wear with cargo pants or jeans — always looks expensive 😎

🔵 HRX Slides — ₹190/-
Clean blue & white is the most versatile combo for slides.
Bold logo branding gives that premium branded feel.
Goes perfectly with casual & athleisure fits both 💙

All footwear starting at just ₹150/- 💸
Your feet deserve an upgrade too ✅

Follow @budgetfitzz for daily budget fashion inspo 🔥
#mensfootwear #budgetfashionindia #menssandals #streetstyleindia #casualmenswear",Follow @budgetfitzz for daily budget fashion inspo 🔥,12:21,1382350,2352190,39027,16267,1476,1968,,,,2026-05-10,12,Sunday,Afternoon,Other,Follow,58738,4.249140955619055,2.823235794118711,1.176764205881289,0.10677469526530908,0.14236626035374544,1.7015878757188845,,,101604,7.350092234238796,False,weak
71,2026-05-10,post,Summer Outfits,Promotion,Attractive outfits for men 🤌✨️💕 >>>>,"Attractive outfits for men 🤌✨️💕 >>>>
Follow then Comment ""LINK"" for links 🔗

Follow @budgetfitzz for more.

Attractive Summer outfits ideas for men under budget >>

[ summer fashion inspiration, ootd, pinterest fashion, aesthetic fashion, outfits inspiration, men fashion inspiration, affordable fashion finds under budget, college fashion inspiration, attractive outfits for men ]
#summerfashion #outfitideas #aestheticfashion #aestheticstyle #afforɗablefshion",Follow @budgetfitzz for more.,15:08,543360,708528,17950,9218,291,763,,,,2026-05-10,15,Sunday,Afternoon,Aspirational,Follow,28222,5.193978209658422,3.3035188457008244,1.6964811542991756,0.05355565371024735,0.14042255594817432,1.303975265017668,,,49820,9.168875147232038,False,weak
72,2026-05-11,post,Outfit Ideas,Promotion,Why these checkered fits make you look instantly stylish 👇✨,"Follow then Comment ""LINK"" for all outfit links 👇🔗
Why these checkered fits make you look instantly stylish 👇✨

🩷 Pink Checkered Shirt + White Jeans — ₹455/-
Bold checks with soft pink = effortlessly cool look.
Oversized fit gives that relaxed, unbothered energy.
White jeans keep it clean & fresh from head to toe 🤍

🩵 Blue Checkered Shirt + White Jeans — ₹455/-
Blue checks are the most versatile pattern you can own.
The oversized silhouette makes the whole outfit look expensive.
Classic blue + white combo — never goes out of style 👌

💜 Lavender Checkered Shirt + White Jeans — ₹455/-
Pastel checks are the most trendy combo right now.
Lavender tones make your skin look naturally brighter.
Pair with white jeans and the look is automatically aesthetic 🌸

3 colors. 1 perfect formula. Under ₹500/- 💸
Save this post for your next outfit inspo 🔖

Follow @budgetfitzz for daily budget fashion fits 🔥

#mensoutfitideas #budgetfashionindia #checkeredshirt #indianmensfashion #casualmenswear",Follow @budgetfitzz for daily budget fashion fits 🔥,02:00,69416,106174,2788,1377,107,175,,,,2026-05-11,2,Monday,Late night,Question,Follow,4447,6.406304022127464,4.016365103146248,1.983692520456379,0.15414313702892704,0.2521032614959087,1.5295320963466636,,,8047,11.592428258614728,False,strong
73,2026-05-12,post,Summer Outfits,Promotion,"Comment ""LINK"" for all outfit links 👇🔗","Comment ""LINK"" for all outfit links 👇🔗
Why these outfits make you look effortlessly stylish 👇✨

🤍 Cream Shirt + Light Blue Jeans — ₹598/-
Neutral cream is the most clean & polished color you can wear.
Light blue jeans add just the right amount of contrast.
This combo makes you look put-together without even trying 👌

🍋 Lime Green Shirt + White Jeans — ₹598/-
Bold color + clean white = the freshest summer combo.
Lime green instantly makes your whole look stand out in a crowd.
White jeans keep it balanced so it never looks too much 🌿

🩷 Pink Shirt + White Jeans — ₹598/-
Soft pink on an oversized fit looks relaxed yet attractive.
White jeans brighten the whole outfit from bottom up.
Simple, clean & aesthetic — the kind of fit people screenshot 📸

🩵 Light Blue Shirt + White Jeans — ₹598/-
Two light tones together create a soft, premium aesthetic.
Oversized fit makes your shoulders look broader & frame sharper.
The most versatile combo — works for college, dates & outings both 💙

🤎 Beige Shirt + White Jeans — ₹598/-
Earth tone + white is the definition of quiet luxury.
Beige makes you look mature, calm & naturally well-dressed.
No effort needed — this outfit does all the talking 😎

All fits under ₹600/- 💸
Oversized never goes out of style ✅

Follow @budgetfitzz for daily budget fashion inspo 🔥

[ summer fashion inspiration, ootd, pinterest fashion, aesthetic fashion, outfits inspiration, men fashion inspiration, affordable fashion finds under budget, college fashion inspiration, attractive outfits for men ]
#summerfashion #outfitideas #aestheticfashion #aestheticstyle #afforɗablefshion",Follow @budgetfitzz for daily budget fashion inspo 🔥,02:00,2017825,2760304,74480,6233,3589,4982,,,,2026-05-12,2,Tuesday,Late night,Other,Follow,89284,4.424764288280699,3.691103044119287,0.30889695588071314,0.1778647801469404,0.24689950813375788,1.367960056000892,,,127463,6.3168510648842195,False,weak
74,2026-05-12,post,Budget Finds,Promotion,These T-shirts make you look attractive these summer ✨️,"These T-shirts make you look attractive these summer ✨️
Follow then Comment ""LINK"" for links 🖇

[ must have polo tshirts for summer under budget, men fashion inspiration,  flipkart fashion finds for summer, affordable fashion finds under budget, trending oldmoney polo tshirts, attractive oldmoney tshirts for summers college ]
#summerfashion #polotshirts #mensfashion #afforɗablefshion #underbudget","Follow then Comment ""LINK"" for links 🖇",10:35,1933725,2963650,59595,17754,2054,3038,,,,2026-05-12,10,Tuesday,Morning,Aspirational,Link-request comment,82441,4.263325964136576,3.0818756545010277,0.9181243454989721,0.10621986063168237,0.1571061035048934,1.5326119277560148,,,133225,6.889552547544247,False,weak
75,2026-05-12,post,Outfit Ideas,Promotion,Why these shirts make you look 10x more attractive 👇✨,"Follow then Comment ""LINK"" for all shirt links 👇🔗
Why these shirts make you look 10x more attractive 👇✨

🤍 White Shirt —
The cleanest, most powerful color a man can wear.
Open collar instantly gives that confident, unbothered energy.
Pair it with anything — it never fails, ever 🔥

🤎 Brown Shirt —
Earth tone that makes every skin tone look richer & sharper.
Fitted silhouette creates a naturally masculine frame.
The kind of shirt that makes people ask ""where is this from?"" 😎

🖤 Black Shirt —
Dark colors slim your frame & make you look taller instantly.
All black = maximum mystery & effortless style.
Add a chain and shades — completely different level 🕶️

🩵 Light Blue Shirt —
The softest, most aesthetic color you can own right now.
Blue tones complement Indian skin tone better than any other color.
Whether it's a café date or a casual outing — always perfect 💙

One shirt. Right color. That's all it takes ✅

Follow @budgetfitzz for daily outfit inspiration 

[ men in white shirts, men in brown shirts, men in black shirts, men in light blue shirts, aesthetic shirts for men, shirt outfit ideas men, budget shirts india, affordable men fashion, men fashion inspiration india, attractive outfits for men, college outfit ideas men, simple outfit ideas men, pinterest men fashion, ootd men india, men style inspiration ]
#mensshirts #budgetfashion #indianmensfashion #aestheticmensfashion #affordablefashion",Follow @budgetfitzz for daily outfit inspiration,15:30,5760000,7768158,267917,4003,6494,18189,,,,2026-05-12,15,Tuesday,Afternoon,Question,Follow,296603,5.149357638888889,4.651336805555555,0.06949652777777778,0.11274305555555555,0.31578125,1.3486385416666666,,,378658,6.573923611111112,False,weak
76,2026-05-12,post,Outfit Ideas,Promotion,Why these shirts make you look 10x more attractive 👇✨,"Follow then Comment ""LINK"" for all shirt links 👇🔗
Why these shirts make you look 10x more attractive 👇✨

🤍 White Shirt —
The cleanest, most powerful color a man can wear.
Open collar instantly gives that confident, unbothered energy.
Pair it with anything — it never fails, ever 🔥

🩵 Light Blue Shirt —
The softest, most aesthetic color you can own right now.
Blue tones complement Indian skin tone better than any other color.
Whether it's a café date or a casual outing — always perfect 💙

🤎 Brown Shirt —
Earth tone that makes every skin tone look richer & sharper.
Fitted silhouette creates a naturally masculine frame.
The kind of shirt that makes people ask ""where is this from?"" 😎

🖤 Black Shirt —
Dark colors slim your frame & make you look taller instantly.
All black = maximum mystery & effortless style.
Add a chain and shades — completely different level 🕶️

One shirt. Right color. That's all it takes ✅

Follow @budgetfitzz for daily outfit inspiration 

[ men in white shirts, men in brown shirts, men in black shirts, men in light blue shirts, aesthetic shirts for men, shirt outfit ideas men, budget shirts india, affordable men fashion, men fashion inspiration india, attractive outfits for men, college outfit ideas men, simple outfit ideas men, pinterest men fashion, ootd men india, men style inspiration ]
#mensshirts #budgetfashion #indianmensfashion #aestheticmensfashion #affordablefashion",Follow @budgetfitzz for daily outfit inspiration,17:22,298880,361237,14137,807,207,456,,,,2026-05-12,17,Tuesday,Evening,Question,Follow,15607,5.221828158458244,4.7299919700214135,0.27000802997858675,0.06925856531049251,0.15256959314775162,1.2086355728051392,,,19210,6.427328693790151,False,weak
77,2026-05-13,post,Budget Finds,Promotion,These gym trackpants 💀🔥,"Follow then Comment ""GYM"" for all links 🖇
These gym trackpants 💀🔥

[ must have trackpants for gym under budget, aesthteic trackpants for gym boys, men fashion inspiration, affordable fashion finds, aesthetic fashion ideas, gymwear finds for men under budget ]

Follow @budgetfitzz for more.
#gymwear #menfashion #trackpants #aestheticstyle #underbudget",Follow @budgetfitzz for more.,02:00,1370225,1677754,29895,24914,1321,1948,,,,2026-05-13,2,Wednesday,Late night,Other,Follow,58078,4.238573956831907,2.1817584703242168,1.818241529675783,0.09640752431170063,0.14216643252020653,1.2244368625590687,,,117713,8.590778886679196,False,weak
78,2026-05-13,post,Outfit Ideas,Promotion,Men in these outfits 🥵🔥>>>,"Follow then Comment ""LINK"" for outfit links 🖇 
Men in these outfits 🥵🔥>>>

[ ootd, aesthetic outfit ideas for men under budget, men fashion inspiration,  oldmoney fashion inspiration, college fashion , date outfits, trending fashion finds, affordable fashion finds, aesthetic fashion ideas for men, summer fashion inspiration ]

Follow @budgetfitzz for more.
#outfitideas #summerfashion #trendingfashion #afforɗablefshion #menfashion",Follow @budgetfitzz for more.,05:58,69050,102505,3167,976,44,172,,,,2026-05-13,5,Wednesday,Late night,Emotional / social,Follow,4359,6.312816799420709,4.58653149891383,1.4134685010861694,0.06372194062273714,0.2490948587979725,1.484503982621289,,,6959,10.078204199855177,False,typical
79,2026-05-13,post,Outfit Ideas,Promotion,"Comment ""LINK"" for all outfit links 👇🔗","Comment ""LINK"" for all outfit links 👇🔗

Must have shirts that will upgrade your style in 2026 👇✨

🟥 Red Checkered Flannel Shirt — ₹190/-
Bold pattern that instantly makes any outfit stand out.
Wear it open over a white tee — effortlessly cool vibe.
The kind of shirt people always ask about 🔥

🖤 Black Cropped Ribbed Shirt — ₹190/-
Cropped length + black = the sharpest streetwear combo.
Shows just enough to make the whole fit look intentional.
Pair with high waist trousers and you're on a different level 👌

🩵 Blue Checkered Shirt — ₹190/-
Soft blue checks = the most aesthetic casual look.
Light enough for summer, stylish enough for any outing.
Pairs perfectly with cream or white pants 💙

🌿 Dark Green Polo — ₹130/-
White contrast trim makes this polo look expensive.
Green is the most underrated color for men right now.
Clean, structured and always put-together ✅

🤎 Beige Shirt — ₹450/-
Neutral tone that pairs with every color in your wardrobe.
Quiet luxury in its simplest form — no effort needed.
This is what well-dressed men wear on their off days 😎

🔵 Blue Striped Shirt — ₹190/-
Vertical stripes make you look taller and sharper instantly.
Classic blue + white stripe = timeless combo that never fails.
Best worn with dark jeans or beige trousers 👏

🌊 Navy Henley — ₹190/-
The most versatile layering piece you can own.
Navy blue complements every skin tone beautifully.
Dress it up or down — always looks intentional 🙌

🤍 White Cable Knit Zip Polo — ₹280/-
Textured knit instantly adds depth and richness to a look.
Half zip detail gives that old money, elevated aesthetic.
White + jeans = the cleanest combo of 2026 🏆

8 shirts. Every style covered. All under ₹500/- 💸
Save this — your wardrobe needs every single one ✅

Follow @budgetfitzz for daily budget fashion inspo 🔥

[ must have shirts for men 2026, men shirt collection, budget shirts india, affordable mens fashion, checkered shirt men, polo shirt men, striped shirt outfit, cropped shirt men, henley tshirt men, men fashion inspiration india, outfit ideas men, pinterest men fashion ]

#mensshirts #affordablefashion #musthaveshirts #bestfinds #fashionguide",Follow @budgetfitzz for daily budget fashion inspo 🔥,11:55,2869825,4259058,84104,30689,1423,4347,,,,2026-05-13,11,Wednesday,Morning,Other,Follow,120563,4.201057555774307,2.930631658724835,1.069368341275165,0.049584905002918296,0.1514726507713885,1.4840828273500997,,,199251,6.942966905647557,False,weak
80,2026-05-16,post,Budget Finds,Promotion,"Comment ""LINK"" for all pants links 👇🔗","Comment ""LINK"" for all pants links 👇🔗
Must Have Pants For Men in 2026 >>> 

👖 Light Blue Wide Leg Jeans — ₹290/-
Wide leg + light wash = taller, sharper, more put-together instantly 💙

👖 Washed Blue Baggy Jeans — ₹290/-
Heavy wash texture makes even a plain tee look intentional 🌊

🩳 Cream Nike Shorts — ₹290/-
Gym to street without changing — that's the move 💪

👖 Cream Straight Jeans — ₹290/-
Off white pairs with everything and looks expensive doing it 🤍

👖 Black Washed Wide Leg Jeans — ₹290/-
Dark wash wide leg = the sharpest casual fit right now 🖤

👔 Mocha Pleated Trousers — ₹290/-
Pleated trousers + loafers = old money unlocked 🤎

👖 Light Blue Straight Jeans — ₹290/-
Cleanest everyday denim that works with every outfit 👌

👔 Black Korean Trousers — ₹290/-
Structured, sleek, sharp — zero effort needed 🖤

🪖 Grey Cargo Pants — ₹290/-
Most functional + stylish pant in the whole list 💥

🏃 Beige Track Pants — ₹290/-
Side stripe detail makes gym fits actually look good 💪

🏃 Black Panel Track Pants — ₹290/-
Bold contrast + wide leg = streetwear done right 🔥

All under ₹300/- 💸 Save this 🔖

[ must have pants for men 2026, wide leg jeans men, cargo pants men, pleated trousers men, budget pants india, affordable mens fashion, mens wardrobe essentials 2026 ]

#menspants #budgetfashion #affordablefashion #menswardrobe #trendingfashion",All under ₹300/- 💸 Save this 🔖,12:41,2092025,3010639,56089,27592,1942,3463,,,,2026-05-16,12,Saturday,Afternoon,Other,Save / share,89086,4.258362113263465,2.6810865070924104,1.3189134929075896,0.09282871858605896,0.16553339467740585,1.4391027831885375,,,160485,7.671275438869038,False,weak
81,2026-05-22,post,Color Combo Guide,Education,"Save this color guide, you’ll need it later >>","Save this color guide, you’ll need it later >>
Follow then Comment ""Link"" for all outfits links 🖇

Best color combinations every guy should know 😮‍💨✨
Simple colors. But the right combo makes you look 10x better.

🍷 Wine Red Shirt + Black Pants
Bold, classy and expensive-looking without trying.
Perfect for date nights, parties & evening fits 🔥

🩷 Baby Pink Shirt + White Pants
Clean, soft and surprisingly attractive.
One of the best summer color combos for men 🌸

🩵 Ice Blue Shirt + White Pants
Fresh, minimal and effortless.
The easiest rich-boy summer vibe combo ❄️

💜 Lavender Shirt + White Pants
Underrated but insanely clean.
Looks premium and stands out without being loud ✨

🤎 Beige Shirt + Black Pants
Minimal, mature and timeless.
Quiet luxury vibes on a budget 😌

🖤 Black Shirt + Grey Pants
Sharp, sleek and always attractive.
The safest combo when you want to look premium 🖤

💙 Navy Blue Shirt + White Pants
Classic combo that never misses.
Confident, clean and super versatile 👌

🤍 White Shirt + Beige Pants
Minimal aesthetic done right.
Simple but effortlessly stylish 🤍

Which combo are you wearing first? 👀
Follow @budgetfitzz for daily men’s fashion inspo 🌟

[ best color combination for men, men fashion guide, shirt pant color combinations men, outfit color combinations for men, men outfit ideas, summer outfit ideas men, classy outfit ideas for men, affordable fashion men, men styling tips, rich looking outfits men, casual outfit ideas men, shirt matching pant combination, old money outfits men, men fashion india, men wardrobe essentials, attractive outfits for men, pinterest outfits men, aesthetic outfit ideas men, men styling guide, budget outfit ideas for men ]
#mensfashion #mensoutfitideas #mensstyleguide #colorcombinationsoutfits #menswear",Follow @budgetfitzz for daily men’s fashion inspo 🌟,02:00,5760000,7068570,320022,13018,7995,39621,,,,2026-05-22,2,Friday,Late night,Direct utility,Follow,380656,6.608611111111111,5.5559375,0.22600694444444444,0.13880208333333333,0.6878645833333333,1.2271822916666666,,,549540,9.540625,False,strong
82,2026-05-29,video,Budget Finds,Education,Follow to learn the fashion details most men ignore.,"Follow to learn the fashion details most men ignore.
Fashion isn’t about wearing expensive clothes.
It’s about knowing what actually looks premium 👀

Comment “LINK” if you know these logos 👇😮‍💨

If you know these logos, your fashion game is already ahead 😌

🖤 Polo Ralph Lauren
Classic rich-boy aesthetic.
Timeless, clean and premium.

🩶 Beverly Hills Polo Club
Minimal luxury vibes.
Looks expensive without trying too hard.

🤍 Lacoste
One of the cleanest old-money staples 🐊
Simple but instantly classy.

🌿 Fred Perry
Underrated and effortlessly stylish.
Quiet luxury energy 😮‍💨

Real style isn’t loud.
It’s clean fits, timeless colors & smart choices.

How many did you recognize? 👀👇
1, 2, 3 or 4?

Follow @budgetfitzz for daily affordable men’s fashion inspo 🌟

[ mens fashion india, fashion brands men, old money fashion men, premium outfits men, menswear guide, classy outfits men, rich looking outfits men, men styling tips, aesthetic outfits men, affordable fashion men, wardrobe essentials men, men fashion guide, timeless fashion men ]

#mensfashion #mensstyle #oldmoneyaesthetic #menswear #fashionformen",Follow @budgetfitzz for daily affordable men’s fashion inspo 🌟,16:31,5760000,8650838,3240362,10172,143417,408637,68233334.0,222136480.0,6.3,2026-05-29,16,Friday,Afternoon,Other,Follow,3802588,66.01715277777778,56.256284722222226,0.1765972222222222,2.4898784722222222,7.094392361111111,1.5018815972222221,3.255541932041603,51.67526876256513,5479094,95.12315972222221,True,strong
83,2026-06-07,post,Outfit Ideas,Promotion,Men in these linen outfits ✨😩🤌 >>>,"Follow then Comment ""LINK"" for all linen outfit links 👇🔗
Men in these linen outfits ✨😩🤌 >>>

🩵 Light Blue Linen Shirt + Cream Pants — ₹540/-
Nothing looks more fresh than soft blue in summer.
Breathable linen fabric keeps you cool & stylish all day 💙

🩷 Pink Linen Shirt + Cream Pants — ₹540/-
Soft pink linen gives rich, clean & effortless vibes instantly.
This combo quietly stands out without looking overdone 🌸

🌿 Olive Green Linen Shirt + Cream Pants — ₹540/-
Olive + cream is one of the cleanest earthy combos ever.
Looks premium, mature & ridiculously aesthetic 🍃

🍷 Maroon Linen Shirt + Cream Pants — ₹540/-
Deep maroon with cream gives the perfect classy contrast.
Minimal effort but maximum stylish feel 🤎

🤍 White Linen Shirt + Light Blue Jeans — ₹540/-
The cleanest combo every guy should own.
Fresh, timeless and works literally everywhere 👌

🤎 Brown Linen Shirt + Cream Pants — ₹540/-
Brown linen gives effortless old-money summer vibes.
Looks expensive without trying too hard 🔥

🖤 Black Linen Shirt + Cream Pants — ₹540/-
Black never misses — especially in breathable linen.
Clean, sharp & instantly attractive every single time 🖤

Full linen outfit under ₹550 💸
Comfort + style = best summer combo ☀️
Save this before summer ends 🔖

Follow for daily budget outfit inspo 🌟

[ linen outfits men india, summer linen outfits men, budget linen outfits, men linen shirt outfit ideas, affordable outfits for men, cream pants outfit men, casual summer looks men, old money outfits men, classy men outfits india, aesthetic outfits for men, korean outfit men, pinterest fashion men, summer fashion men india, budget fashion men, attractive outfits for men ]

#linenoutfits #mensfashion #summeroutfits #budgetfashionindia #mensoutfitideas",Save this before summer ends 🔖,13:46,3649025,4735561,133639,12322,1713,8301,,,,2026-06-07,13,Sunday,Afternoon,Emotional / social,Save / share,155975,4.274429470886059,3.662320756914518,0.33767924308548175,0.04694404669740547,0.22748542418865314,1.2977606346900885,,,210661,5.773076369715198,False,weak
84,2026-06-20,post,Outfit Ideas,Promotion,Men in these outfits >>>,"FOLLOW THEN COMMENT “LINK” FOR OUTFITS LINKS
Men in these outfits >>>

These shirt + jeans combos look classy✨️ 😮‍💨>>>
Clean colors. Good fit. Zero overthinking.

🩷 Pink Check Shirt + White Jeans
Soft but stylish. Clean aesthetic that looks expensive without trying too hard.

💙 Navy Check Shirt + Grey Jeans
Sharp, mature & effortlessly classy. One of the cleanest smart casual combos.

💚 Sage Green Check Shirt + White Jeans
Fresh, minimal & rich-looking combo. Gives clean old-money vibes instantly.

🧡 Rust Check Shirt + Black Jeans
Bold & masculine. Perfect if you want a standout premium look.

💙 Sky Blue Check Shirt + White Jeans
Fresh, bright & perfect for everyday premium outfits.

🤎 Brown Check Shirt + White Jeans
Warm, classy and timeless. Rich-boy aesthetic done right.

Which combo are you picking first? 👀👇
1, 2, 3, 4, 5 or 6?

Follow @budgetfitzz for more affordable fashion finds 🌟

[shirt jeans combination men, check shirt outfit men, white jeans outfit men, classy outfits men, affordable fashion men india, rich looking outfits men, old money outfits men, mens fashion india, smart casual outfits men, aesthetic outfits men, premium outfit ideas men, stylish men outfits, men styling tips, casual outfits men, menswear inspiration]
#mensfashion #mensstyle #mensoutfits #oldmoney #fashionformen",Follow @budgetfitzz for more affordable fashion finds 🌟,02:00,4669425,5677585,155049,31728,5183,11940,,,,2026-06-20,2,Saturday,Late night,Emotional / social,Follow,203900,4.3667046799124085,3.3205159093464403,0.6794840906535602,0.11099867756736642,0.2557060023450425,1.2159066694507354,,,318725,6.825786900956755,False,weak
85,2026-06-23,post,Color Combo Guide,Promotion,Men in these outfit combos ✨🫠>>>,"Follow then Comment ""LINK"" for all links 🔗
Men in these outfit combos ✨🫠>>>

💙 Navy Blue Shirt + White Pants
Clean, classy & expensive vibe. Perfect for dates, vacations, casual outings or when you want to look polished without doing too much.

🤍 Beige Shirt + Black Pants
Minimal but premium looking combo. Looks mature, stylish and works perfectly for college, cafés or everyday wear.

🤍 White Shirt + Sky Blue Pants
Fresh, clean & rich aesthetic. Gives soft luxury vibe and looks amazing in daylight or summer outings.

🤎 Dark Brown Shirt + White Pants
Masculine & timeless combo. Gives rich classy vibe instantly. Perfect for dinners, evening outings & mature looks.

🍷 Wine Shirt + Cream Pants
Elegant & masculine combo. Gives classy old-money energy instantly. Perfect for dinners, parties & evening plans.

💚 Dark Green Shirt + Beige Pants
Underrated but attractive combo. Looks calm, mature and stylish without being loud. Great for clean aesthetic fits.

🩷 Pink Shirt + Sky Blue Pants
Soft, fresh & aesthetic vibe. Looks surprisingly stylish in photos and perfect for daytime outings or vacations.

🩵 Dusty Blue Shirt + Cream Pants
Simple but premium looking combo. Gives effortless classy vibe and works for almost every occasion.

Styling tip: Neutral pants like white, cream, beige or black instantly make shirt colors look more expensive if the fit is clean.

Follow @budgetfitzz for more.

[best shirt pant combination men, affordable fashion for men, shirt pant combination men, old money outfits men, men styling tips, clean outfit aesthetic men, classy outfit ideas men, men fashion under budget, smart casual outfits men, rich looking outfits men, korean outfits men, aesthetic outfits men, shirt color combination men, affordable menswear, mens casual fashion, men wardrobe essentials, expensive looking outfits men, date outfit ideas men, everyday outfit ideas men, vacation outfits men, classy dressing men, menswear inspiration, stylish outfit ideas men, trendy outfits men, affordable outfit ideas, mens fashion trends, casual outfit men, luxury outfits men, stylish men outfits, outfit ideas men]

#mensfashion #mensstyle #mensoutfits #budgetfashion #fashionformen",Follow @budgetfitzz for more.,02:00,1688775,2609637,54006,13545,1378,3357,,,,2026-06-23,2,Tuesday,Late night,Direct utility,Follow,72286,4.280380749359743,3.1979393347248743,0.8020606652751255,0.08159760773341623,0.19878314162632676,1.545284007638673,,,113581,6.725644327989223,False,weak
86,2026-06-25,post,Color Combo Guide,Promotion,Men in these color combinations ✨🫶 >>>,"Follow then Comment ""Link"" for all outfit links 🔗
Men in these color combinations ✨🫶 >>>

The right color combination can literally make a ₹500 outfit look premium.

▫️ Wine Shirt + Black Pants → Gives a rich, classy and slightly luxury vibe. Perfect for dinners, dates, parties or evening outings. Makes you look more mature and sharp.

▫️ Black Shirt + Grey Pants → Clean, masculine and expensive-looking combination. Best when you want a minimal but powerful look. Great for cafés, night outings and photos.

▫️ Navy Blue Shirt + Light Grey Pants → Calm, clean and elegant. Looks polished without trying too hard. One of the safest combinations for college, office or casual events.

▫️ White Shirt + Dark Brown Pants → Quiet luxury / old money vibe. Looks clean, mature and timeless. Perfect if you want a classy look without wearing black.

▫️ Pink Shirt + Cream Pants → Soft, fresh and underrated. Makes you stand out in a clean way instead of looking loud. Best for daytime outings and vacations.

▫️ Beige Shirt + Black Pants → Minimal and premium looking. Gives a balanced smart-casual vibe and works on almost every skin tone.

▫️ Sky Blue Shirt + Off White Pants → Fresh, rich and very clean aesthetic. Great for summer outfits and daytime looks.

▫️ Sage Green Shirt + Grey Pants → Subtle but stylish. Looks modern, calm and expensive without trying too hard.

▫️ Dark Brown Shirt + Cream Pants → One of the most underrated luxury combinations. Looks warm, rich and very old-money coded.

▫️ Lavender Shirt + Off White Pants → Soft premium vibe. Looks stylish, clean and different from basic colors.

Tip:
If your shirt color is bold, keep pants neutral. It instantly makes the outfit look more expensive and balanced.

Follow @budgetfitzz for more.

[best color combination outfit ideas for men, men outfit color combinations, best shirt pant combination for men, mens fashion outfits, old money outfits men, clean outfit ideas men, smart casual outfits men, mens style guide, rich looking outfits for men, classy outfit ideas men, expensive looking outfits men, shirt pant combination ideas, best men fashion combinations, formal outfit ideas men, casual outfit ideas men ]",Follow @budgetfitzz for more.,07:34,406680,599833,16822,3512,535,1296,,,,2026-06-25,7,Thursday,Morning,Emotional / social,Follow,22165,5.450231139962624,4.136421756663716,0.863578243336284,0.13155306383397267,0.3186780761286515,1.4749508212845481,,,34682,8.528081046523065,False,typical
87,2026-06-26,post,Outfit Ideas,Promotion,Men in these premium budget shirt-jeans outfits ✨😩🤌 >>>,"Follow then Comment “LINK” for all outfit links 👇🔗
Men in these premium budget shirt-jeans outfits ✨😩🤌 >>>

🍷 Maroon Black Ombre Shirt + White Jeans — ₹798/-
Maroon-to-black ombre shirt with white jeans gives a bold, rich contrast.
Perfect for parties, dinner dates, college fits & stylish casual outings ❤️‍🔥

🤎 Maroon Check Overshirt + White T-Shirt + White Jeans — ₹798/-
Layered check shirt outfit that looks effortless yet properly styled.
A clean choice for café dates, college wear & everyday streetwear looks ☕✨

🩵 Light Blue Check Shirt + White T-Shirt + Black Jeans — ₹798/-
Light blue checks with black jeans create a fresh Korean-style outfit.
Minimal, comfortable and perfect for summer casual fashion ❄️🖤

🖤 Black Denim Shirt + White Jeans — ₹798/-
Black denim shirt and white jeans is one of the cleanest men’s outfit combinations.
Sharp, masculine and easy to wear for almost every occasion 🤍🖤

Full stylish outfit under ₹800 💸
Best affordable shirt jeans combinations for men in India 🔥
Save this for your next college, party or casual outfit idea 🔖

Follow for daily budget outfit inspo 🌟

[ maroon shirt white jeans outfit men, black denim shirt white jeans, check shirt outfit men india, light blue check shirt black jeans, men shirt jeans outfit ideas, budget outfits for men india, affordable mens fashion india, korean style outfits men, college outfit ideas men, casual party outfits men, stylish shirts for men, white jeans outfit men, mens streetwear india, aesthetic outfits for men, shirt jeans combo under 800 ]

#mensfashion #budgetfashionindia #mensoutfitideas #shirtjeans #collegeoutfits","Save this for your next college, party or casual outfit idea 🔖",02:00,5760000,8246370,363968,49387,17633,27394,,,,2026-06-26,2,Friday,Late night,Aspirational,Save / share,458382,7.958020833333333,6.318888888888889,0.8574131944444445,0.3061284722222222,0.4755902777777778,1.4316614583333334,,,692237,12.018003472222222,False,strong
88,2026-06-26,post,Color Combo Guide,Education,"Save this color guide, you’ll need it later >>","Save this color guide, you’ll need it later >>
Follow then Comment ""Link"" for all outfits links 🖇

Best color combinations every guy should know 😮‍💨✨
Simple colors. But the right combo makes you look 10x better.

🍷 Wine Red Shirt + Black Pants
Bold, classy and expensive-looking without trying.
Perfect for date nights, parties & evening fits 🔥

🩷 Baby Pink Shirt + White Pants
Clean, soft and surprisingly attractive.
One of the best summer color combos for men 🌸

🩵 Ice Blue Shirt + White Pants
Fresh, minimal and effortless.
The easiest rich-boy summer vibe combo ❄️

💜 Lavender Shirt + White Pants
Underrated but insanely clean.
Looks premium and stands out without being loud ✨

🤎 Beige Shirt + Black Pants
Minimal, mature and timeless.
Quiet luxury vibes on a budget 😌

🖤 Black Shirt + Grey Pants
Sharp, sleek and always attractive.
The safest combo when you want to look premium 🖤

💙 Navy Blue Shirt + White Pants
Classic combo that never misses.
Confident, clean and super versatile 👌

🤍 White Shirt + Beige Pants
Minimal aesthetic done right.
Simple but effortlessly stylish 🤍

Which combo are you wearing first? 👀
Follow @budgetfitzz for daily men’s fashion inspo 🌟

[ best color combination for men, men fashion guide, shirt pant color combinations men, outfit color combinations for men, men outfit ideas, summer outfit ideas men, classy outfit ideas for men, affordable fashion men, men styling tips, rich looking outfits men, casual outfit ideas men, shirt matching pant combination, old money outfits men, men fashion india, men wardrobe essentials, attractive outfits for men, pinterest outfits men, aesthetic outfit ideas men, men styling guide, budget outfit ideas for men ]
#mensfashion #mensoutfitideas #mensstyleguide #colorcombinationsoutfits #menswear",Follow @budgetfitzz for daily men’s fashion inspo 🌟,07:20,407940,537450,16081,4316,205,1399,,,,2026-06-26,7,Friday,Morning,Direct utility,Follow,22001,5.393195077707507,3.942001274697259,1.0579987253027405,0.05025248811099672,0.34294258959650925,1.317473157817326,,,35445,8.688777761435505,False,typical
89,2026-06-26,post,Budget Finds,Promotion,These gym trackpants 💀🔥,"Follow then Comment ""GYM"" for all links 🖇
These gym trackpants 💀🔥

[ must have trackpants for gym under budget, aesthteic trackpants for gym boys, men fashion inspiration, affordable fashion finds, aesthetic fashion ideas, gymwear finds for men under budget ]

Follow @budgetfitzz for more.
#gymwear #menfashion #trackpants #aestheticstyle #underbudget",Follow @budgetfitzz for more.,12:20,577280,699047,23029,5835,317,1477,,,,2026-06-26,12,Friday,Afternoon,Other,Follow,30658,5.310767738359202,3.989225332594235,1.010774667405765,0.054912694013303766,0.255855044345898,1.2109323032150776,,,47710,8.264620288248336,False,weak
90,2026-06-26,post,Outfit Ideas,Promotion,Men in these clean outfits ✨😩🤌 >>>,"Men in these clean outfits ✨😩🤌 >>>
Follow then Comment “LINK” for all outfit links 👇🔗

🤍 White Shirt + Light Blue Jeans — ₹540/-
The cleanest combo every guy should own.
Fresh, attractive & works literally everywhere 👌

🥛 Cream Shirt + White Pants — ₹540/-
Minimal, classy & perfect for rich summer vibes.
Looks premium without even trying 🤍

🖤 Black Shirt + Cream Pants — ₹540/-
Black + cream never disappoints.
Sharp, mature & instantly makes you stand out 🖤

🌌 Navy Blue Shirt + Light Blue Jeans — ₹540/-
Dark navy with light denim is such an underrated combo.
Clean, stylish & low effort but high impact 💙

Full outfit under ₹550 💸
Save this before you forget 🔖
Comfort + style = perfect everyday fit ✨

Follow for daily budget outfit inspo 🌟

[ men outfit ideas india, budget outfits for men, casual outfits men, shirt outfit ideas men, affordable fashion men, summer outfits men india, classy outfits men, clean boy aesthetic men, korean outfit men, pinterest fashion men ]

#mensoutfitideas #budgetfashionindia #summerfashion #outfitinspo #mensfashion",Save this before you forget 🔖,15:20,208460,259055,8290,2133,188,598,,,,2026-06-26,15,Friday,Afternoon,Emotional / social,Save / share,11209,5.37705075314209,3.976782116473184,1.0232178835268158,0.09018516741820973,0.2868655857238799,1.2427084332725702,,,17833,8.554638779621989,False,typical
91,2026-06-27,post,Outfit Ideas,Promotion,Men in these outfits ✨️😭 >>>,"Follow then Comment ""LINK"" for all outfit links 👇🔗
Men in these outfits ✨️😭 >>>

🤎 Brown Shirt + Cream Pants — ₹540/-
Earth tones are having a moment and brown leads it all.
Wear this once and you will never go back 🔥

🩵 Light Blue Shirt + Cream Pants — ₹540/-
Soft blue and cream is the cleanest summer combo you can wear.
Looks expensive, feels comfortable, works everywhere 💙

🩷 Pink Shirt + Cream Pants — ₹540/-
Pink is not just a color, it is a confidence statement.
Guys who wear this always get the second look 🌸

🌿 Olive Green Shirt + Cream Pants — ₹540/-
Green and cream together looks rich without trying.
The most underrated summer combo on this entire list 🍃

🍷 Maroon Shirt + Cream Pants — ₹540/-
Dark maroon on light cream is contrast done perfectly.
Mature, sharp and effortlessly stylish 🤎

🤍 White Shirt + Light Blue Jeans — ₹540/-
The most classic combo ever and it still hits every single time.
Clean, fresh and always attractive 👌

Full outfit under ₹550 💸
Save this before summer ends 🔖

Follow for daily outfit inspo 🌟

[ summer outfits men india, budget summer outfits, men shirt outfit ideas, summer fashion 2026, affordable outfits for men, cream pants outfit men, outfit ideas for college, pinterest fashion men, attractive outfits for men, casual summer looks men ]

#summerfashion #mensoutfitideas #budgetfashionindia #outfitinspo #affordablefashion",Save this before summer ends 🔖,02:00,795840,966120,30926,8866,1316,1363,,,,2026-06-27,2,Saturday,Late night,Emotional / social,Save / share,42471,5.336625452352232,3.885956976276639,1.1140430237233614,0.1653598713309208,0.17126558102131081,1.213962605548854,,,68240,8.574587856855649,False,weak
92,2026-07-01,post,Color Combo Guide,Promotion,Men in these shirts ✨ >>>>,"Follow then Comment ""Link"" for shirt links 🖇
Men in these shirts ✨ >>>>

🤍 White Checked Shirt + Black Jeans
Fresh, clean and effortlessly stylish combo. The subtle checks add detail while black jeans keep the look sharp. Perfect for college, cafés and everyday wear.

🖤 Black Checked Shirt + Grey Jeans
Bold yet minimal combination. Gives a rugged masculine vibe without trying too hard. Great for casual outings and evening plans.

🤎 Brown Checked Shirt + Cream Jeans
Warm earthy tones create a premium old-money aesthetic. Looks mature, classy and perfect for relaxed weekends or vacations.

💙 Navy Checked Shirt + White Pants
Classic, timeless and rich-looking combo. The contrast feels clean and expensive, making it ideal for brunches, dates and summer evenings.

🩵 Mint Blue Shirt + Light Wash Jeans
Light, refreshing and perfect for summer. Gives a soft aesthetic vibe while keeping the outfit minimal and versatile.

🍷 Deep Plum Shirt + Charcoal Jeans
Elegant and masculine combination. Perfect for dinners, night outings and occasions where you want a more refined look.

❤️ Black & Burgundy Checked Shirt + Light Blue Jeans
A modern street-style combo that balances bold colors with light denim. Looks stylish, trendy and stands out without being loud.

Styling Tip: Let your shirt be the statement piece. Pair bold colors or checked patterns with solid neutral jeans to create a balanced, premium-looking outfit.

Follow @budgetfitzz for more.

[best checked shirts men, affordable fashion for men, checked shirt outfits men, mens casual fashion, shirt styling tips men, smart casual outfits men, old money outfits men, korean fashion men, aesthetic outfits men, rich looking outfits men, stylish shirts for men, shirt and jeans combination, casual outfit ideas men, menswear inspiration, affordable menswear, everyday outfit ideas men, classy dressing men, trendy outfits men, men wardrobe essentials, fashion tips for men, premium outfits men, date outfit ideas men, vacation outfits men, stylish men outfits, casual shirts for men, oversized shirt outfits men, shirt color combinations men, men fashion trends, outfit ideas men, budget fashion men]

#mensfashion #mensstyle",Follow @budgetfitzz for more.,02:00,3045575,3870617,103289,18534,3911,6346,,,,2026-07-01,2,Wednesday,Late night,Emotional / social,Follow,132080,4.336783694376267,3.3914449652364493,0.6085550347635504,0.12841581638935176,0.20836787798691545,1.2708985987867645,,,199919,6.564244847032169,False,weak
93,2026-07-01,post,Summer Outfits,Promotion,You must have these linen pants this summer ☀️,"You must have these linen pants this summer ☀️ 
FOLLOW THEN COMMENT ""LINK"" FOR LINKS 🖇

[ trending fashion finds under budget, aesthetic fashion inspiration, summer fashion inspiration, must have linen pants for summer under budget, affordable fashion finds for men, men fashion inspiration ]

Follow @budgetfitzz for more.
#linenpants #summerfashion #mensfashion #affordablefashion #trendingfashion",Follow @budgetfitzz for more.,07:38,65716,113457,3142,801,123,220,,,,2026-07-01,7,Wednesday,Morning,Other,Follow,4286,6.522003773814595,4.78117962140118,1.2188812465761762,0.1871690303731207,0.3347738754641183,1.726474526751476,,,6917,10.525594984478666,False,strong
94,2026-07-04,post,Budget Finds,Promotion,Shirts you must have >>>>,"Shirts you must have >>>>
Follow then Comment ""LINK"" for links 🖇

Must have shirts for men in 2026 >>>

[ attractive shirts for summer, rich look shirts under budget, college fashion for summer, oldmoney fashion, best fashion finds, oldmoney shirts in budet,  affordable fashion finds under budget,  trending fashion ]

Follow @budgetfitzz for more.

#richlook #oldmoneyshirts #shirts #afforɗablefshion #underbudget",Follow @budgetfitzz for more.,02:00,850460,1164467,31345,11178,535,2116,,,,2026-07-04,2,Saturday,Late night,Emotional / social,Follow,45174,5.311713660842368,3.6856524704277684,1.3143475295722316,0.06290713261058721,0.24880652823178043,1.3692201867224796,,,75483,8.875549702513934,False,weak
95,2026-07-04,video,Budget Finds,Education,Follow to learn the fashion details most men ignore.,"Follow to learn the fashion details most men ignore.
Comment if you know these logos 👇😮‍💨

Fashion isn't about wearing expensive clothes.
It's about knowing what actually looks premium 👀

If you know these logos, your fashion game is already ahead 😌

❤️ Polo Ralph Lauren
A timeless icon with a clean, premium aesthetic.
Classic and effortlessly stylish.

🐊 Lacoste
Simple, refined and instantly recognizable.
One of the most versatile wardrobe staples.

🖤 BOSS
Minimal branding with a sharp modern look.
Perfect if you like understated style.

🤍 Armani Exchange (A|X)
Clean, contemporary and easy to style.
A go-to for smart casual outfits.

🇺🇸 Tommy Hilfiger
Classic American casual style with an iconic flag logo.
Easy to wear in almost every season.

🌿 Calvin Klein
Minimal designs that never go out of style.
Clean, versatile and timeless.

🛡️ GANT
Heritage-inspired style with a polished everyday look.

🐧 Original Penguin
Vintage-inspired branding with a relaxed casual aesthetic.

Real style isn't loud.
It's clean fits, timeless colors & smart choices.

How many did you recognize? 👀👇
1, 2, 3, 4, 5, 6, 7 or all 8?

Follow @budgetfitzz for daily affordable men's fashion inspo 🌟

[ mens fashion india, fashion brands men, clothing logos guide, premium fashion brands, menswear guide, old money fashion men, quiet luxury style, wardrobe essentials men, timeless mens fashion, classy outfits men, smart casual outfits, premium clothing brands, logo guide men, fashion tips men, affordable mens fashion ]
#mensfashion #mensstyle #menswear #fashiontips #fashionformen",Follow @budgetfitzz for daily affordable men's fashion inspo 🌟,06:41,557640,939121,26734,1148,1326,2910,1491865.0,6552665.0,6.3,2026-07-04,6,Saturday,Morning,Other,Follow,32118,5.759629868732516,4.794132415178251,0.20586758482174877,0.2377878200989886,0.521842048633527,1.684099060325658,4.392264045339223,69.71847691014639,47122,8.45025464457356,True,typical
96,2026-07-04,post,Outfit Ideas,Promotion,Men in these outfit combos ✨🫠>>>,"FOLLOW THEN COMMENT “LINK” FOR ALL LINKS 👇
Men in these outfit combos ✨🫠>>>

💙 Light Blue Shirt + White Pants
Clean, soft & expensive vibe. Perfect for café dates, college fits, vacations or daytime outings. Makes you look approachable and well-dressed without trying too hard.

💜 Mauve/Purple Shirt + White Pants
Underrated combo but stands out. Gives soft luxury vibe and looks surprisingly attractive in photos. Great if you’re bored of basic black/white fits.

💚 Sage Green Shirt + White Pants
Quiet luxury energy. Looks calm, mature and very aesthetic in daylight. Best if you want something unique without looking loud.

🤎 Dark Brown Shirt + White Pants
Masculine & premium looking combo. Gives old-money/classy vibe instantly. Perfect for dinners, evening outings & when you want to look more mature.

Styling tip: White/off-white pants make almost every shirt color look 2x more premium if the fit is clean.

[summer outfits ideas for men, affordable fashion for men, shirt pant combination men, old money outfits men, men styling tips, clean outfit aesthetic men, classy outfit ideas men, men fashion under budget, smart casual outfits men, rich looking outfits men, korean outfits men, aesthetic outfits men, pastel shirt outfit men, affordable menswear, mens casual fashion, men wardrobe essentials, expensive looking outfits men, date outfit ideas men, everyday outfit ideas men, vacation outfits men, classy dressing men, menswear inspiration, stylish outfit ideas men, trendy outfits men, affordable outfit ideas]

#mensfashion #mensstyle #mensoutfits #budgetfashion #fashionformen",FOLLOW THEN COMMENT “LINK” FOR ALL LINKS 👇,07:20,323380,460237,12074,4095,495,567,,,,2026-07-04,7,Saturday,Morning,Direct utility,Link-request comment,17231,5.328406209413075,3.7336879213309424,1.266312078669058,0.15307069082812788,0.1753355185849465,1.423207990599295,,,28607,8.846248994990413,False,weak
97,2026-07-04,post,Color Combo Guide,Promotion,Men in these summer cool budget outfits 🥶🔥 >>>,"Follow then Comment “LINK” for all outfit links 👇🔗
Men in these summer cool budget outfits 🥶🔥 >>>

🖤 Black Performance Co-ord Set + Slides — ₹399/-
Minimal black athletic co-ord with matching slides for a clean sporty look.
Perfect for gym, college, travel & everyday casual wear ⚡

👾 Anime Graphic Oversized Tee + Grey Track Pants + Slides — ₹748/-
Oversized anime tee paired with relaxed track pants gives a modern streetwear vibe.
Comfortable, trendy and ideal for casual outings & daily wear 💜

💙 Navy Sports Jersey + Track Pants + Slides — ₹748/-
Football-inspired jersey with matching joggers creates a premium athletic outfit.
Great for sports, college, hangouts & weekend fits 🏆

🤍 Cream Anime Tee + Cargo Joggers + Sneakers — ₹596/-
Clean neutral tones with cargo joggers deliver a stylish everyday look.
Perfect for anime fans, college & casual streetwear 🤍

⚽ Blue & White Sports Co-ord Set + Slides — ₹404/-
Classic sports-inspired outfit that's lightweight, comfortable and easy to style.
A great option for daily wear, travel & relaxed weekends 💯

🤎 Beige Graphic Polo + Cargo Joggers + Slides — ₹398/-
Premium-looking polo with cargo joggers gives a smart casual aesthetic.
Ideal for cafés, college & everyday fashion ✨

Affordable summer outfit ideas without spending a fortune 💸
Save this post for your next budget outfit inspiration 🔖

Follow @budgetfitzz for daily budget outfit inspo 🌟

[ summer outfits for men, budget outfits for men india, affordable mens fashion, co ord set for men, oversized t shirt outfit men, anime t shirt men, sports jersey outfit men, cargo joggers men, track pants outfit men, slides for men, casual outfits for men, streetwear india, gym outfit men, college outfit ideas men, everyday outfits men, mens fashion india, trendy outfits for men, aesthetic outfits men, korean style men, budget fashion india, sporty outfits men, monochrome outfit men, graphic t shirt outfit, mens casual wear, affordable streetwear india, summer fashion men, stylish mens clothing, outfit ideas men, daily wear outfits men, fashion under budget ]

#mensfashion #budgetfashionindia #mensoutfitideas #summeroutfits #streetwearindia",Follow @budgetfitzz for daily budget outfit inspo 🌟,12:20,203620,358056,7463,2718,330,383,,,,2026-07-04,12,Saturday,Afternoon,Emotional / social,Follow,10894,5.350162066594637,3.6651605932619584,1.3348394067380416,0.16206659463706904,0.18809547195756804,1.7584520184657695,,,18469,9.070327079854632,False,weak
98,2026-07-04,post,Outfit Ideas,Promotion,Men in these clean premium shirt-jeans outfits 🤍✨ >>>,"Follow then Comment ""LINK"" for all outfit links 👇🔗
Men in these clean premium shirt-jeans outfits 🤍✨ >>>

🩵 Sky Blue Shirt + White Wide-Leg Jeans — ₹798/-
Fresh, minimal and perfect for effortless summer styling.
A timeless combination for college, cafés, vacations & everyday wear ☁️

🖤 Black Shirt + Grey Wide-Leg Jeans — ₹798/-
Clean monochrome outfit that never goes out of style.
Perfect for evening outings, dates & smart casual looks 🌑

💚 Olive Green Shirt + Off-White Jeans — ₹798/-
Earthy tones that give a premium old-money aesthetic.
Ideal for brunch, travel, coffee dates & relaxed weekends 🌿

🌸 Dusty Pink Shirt + White Relaxed Pants — ₹798/-
Soft pastel shades create a fresh, elegant summer outfit.
Comfortable, stylish and easy to wear all day 💗

🤎 Dark Brown Shirt + Cream Wide-Leg Jeans — ₹798/-
Rich brown paired with cream delivers a classy luxury vibe.
Perfect for dinner dates, cafés & evening casual wear ☕✨

🤍 Classic White Shirt + Light Blue Wide-Leg Jeans — ₹798/-
A crisp white shirt with light blue denim is a wardrobe essential.
Simple, versatile and suitable for almost every occasion 👌

🥂 Cream Shirt + White Relaxed Pants — ₹798/-
Minimal neutral outfit that looks expensive without trying.
Perfect for vacations, resort wear & summer day outings ☀️

Premium-looking outfits under ₹800 💸
Save this post for your next shirt & jeans outfit inspiration 🔖

Follow @budgetfitzz for daily budget outfit inspo 🌟

[ shirt jeans outfit men, summer outfits for men, white jeans outfit men, black shirt grey jeans, olive green shirt outfit, brown shirt cream pants, white shirt blue jeans men, pastel shirt outfit men, old money outfits men, korean style men, casual outfits men india, budget fashion india, affordable mens fashion, clean aesthetic outfits, minimal mens style, college outfit ideas men, café outfit men, wide leg jeans men, relaxed fit jeans men, everyday outfits men, smart casual outfit men, premium outfit ideas, affordable shirt jeans combo, mens fashion india, stylish outfits for men, aesthetic menswear, summer fashion men, budget outfit ideas, outfit inspiration men ]

#mensfashion #budgetfashionindia #outﬁtideas #affordablefashion",Follow @budgetfitzz for daily budget outfit inspo 🌟,14:50,4862525,8025707,186870,7631,7508,6569,,,,2026-07-04,14,Saturday,Afternoon,Aspirational,Follow,208578,4.2894997969162105,3.843065074215557,0.15693492578444326,0.15440537580783648,0.13509442110837477,1.650522516593745,,,266071,5.471869039233732,False,weak
99,2026-07-04,video,Outfit Ideas,Education,"Save this wardrobe guide, you'll need it later >>","Save this wardrobe guide, you'll need it later >>
Follow then Comment ""LINK"" for outfits links 🖇

Looking expensive isn't about wearing expensive clothes.
It's about choosing the right colors, fits & wardrobe essentials 😮‍💨✨

🤎 Dark Brown Shirt
Rich, mature and effortlessly premium.

🌿 Olive Green Shirt
Clean earthy tones that always look classy.

🤍 Beige Shirt
Minimal, timeless and easy to style.

🩵 Light Blue Shirt
Fresh, versatile and perfect for every season.

🤍 Striped Shirts
A simple way to make your outfit look more refined.

🩷 Soft Pastel Shirts
Light shades instantly elevate your summer wardrobe.

Build a wardrobe with timeless basics instead of chasing trends.
You'll always have something stylish to wear.

Which shirt color is your favorite? 👀👇

Follow @budgetfitzz for daily men's fashion inspo 🌟

[ mens fashion india, capsule wardrobe men, shirts every man needs, old money outfits men, premium wardrobe essentials, men fashion guide, timeless shirts for men, affordable mens fashion, smart casual outfits men, classy outfit ideas men, aesthetic menswear, wardrobe essentials men, shirt collection men, minimal style men, pinterest outfits men, rich looking outfits men, summer shirts men, casual outfit ideas men, mens style guide, wardrobe inspiration ]
#mensfashion #mensstyle #capsulewardrobe #menswear #oldmoneystyle",Follow @budgetfitzz for daily men's fashion inspo 🌟,17:20,11387,19830,690,221,20,95,99582.0,317384.0,6.0,2026-07-04,17,Saturday,Evening,Direct utility,Follow,1026,9.010274874857293,6.059541582506367,1.9408096952665321,0.1756388864494599,0.8342847106349347,1.741459559146395,3.1871623385752446,53.11937230958741,1813,15.92166505664354,True,strong
100,2026-07-05,post,Color Combo Guide,Promotion,"Save this color guide, you'll need it later >>","Save this color guide, you'll need it later >>
Follow then Comment ""LINK"" for all outfit links 🖇

Best shirt color combinations every guy should know 😮‍💨✨
Simple colors. But the right combo makes you look 10x better.

🍷 Wine Red Shirt + White Pants
Bold, rich and effortlessly premium.
Perfect for date nights, dinners & festive occasions ❤️

🧱 Molten Brick Shirt + White Pants
Warm earthy tones with a modern aesthetic.
A unique combo that stands out without being loud 🍂

🌲 Forest Green Shirt + White Pants
Clean, masculine and timeless.
One of the best color combinations for smart casual outfits 🌿

💙 Navy Blue Shirt + White Pants
A classic pairing that never goes out of style.
Sharp, versatile and suitable for almost every occasion 👌

🍋 Lemon Yellow Shirt + White Pants
Fresh, bright and perfect for sunny days.
A clean summer outfit that instantly grabs attention ☀️

🩷 Light Pink Shirt + White Pants
Soft, minimal and surprisingly attractive.
An effortless choice for brunch, cafés & summer outings 🌸

Which color are you wearing first? 👀👇

Follow @budgetfitzz for daily men's fashion inspo 🌟

[ best color combination for men, shirt color combinations men, white pants outfit men, wine red shirt outfit, navy blue shirt white pants, forest green shirt outfit, light pink shirt men, lemon yellow shirt outfit, molten brick shirt, summer outfit ideas men, classy outfit ideas men, shirt pant color combinations, old money outfits men, affordable fashion men, men fashion guide, casual outfit ideas men, aesthetic outfits men, mens fashion india, wardrobe essentials men, pinterest outfits men ]

#mensfashion #mensoutfitideas #mensstyleguide #colorcombinations #menswear",Follow @budgetfitzz for daily men's fashion inspo 🌟,02:00,385620,536794,14698,4583,673,726,,,,2026-07-05,2,Sunday,Late night,Direct utility,Follow,20680,5.362792386287019,3.811524298532234,1.188475701467766,0.17452414293864427,0.18826824334837405,1.3920284217623566,,,34043,8.828120948083605,False,weak
101,2026-07-05,post,Budget Finds,Promotion,Shirts you must have >>>>,"Shirts you must have >>>>
Follow then Comment ""LINK"" for links 🖇

Must have striped shirts for men in 2026 >>>

[ attractive shirts for summer, rich look shirts under budget, college fashion for summer, oldmoney fashion, best fashion finds, oldmoney shirts in budet,  affordable fashion finds under budget,  trending fashion ]

Follow @budgetfitzz for more.

#richlook #oldmoneyshirts #shirts #afforɗablefshion #underbudget",Follow @budgetfitzz for more.,08:11,126550,152682,5718,1875,264,197,,,,2026-07-05,8,Sunday,Morning,Emotional / social,Follow,8054,6.364282892137495,4.518372184907151,1.4816278150928488,0.2086131963650731,0.15566969577242196,1.206495456341367,,,13187,10.420387198735677,False,typical
102,2026-07-05,post,Color Combo Guide,Education,"Save this color guide, you’ll need it later >>","Save this color guide, you’ll need it later >>
Follow then Comment ""Link"" for all outfits links 🖇

🖤🤎 Black + Beige = Sharp + classy balance. Black adds confidence, beige softens the outfit — perfect for a mature and premium look.

🌿🤍 Sage Green + Off White = Quiet luxury vibes. Looks aesthetic, minimal & super clean without trying too hard.

🩷🩵 Pink + Light Blue = Soft but stylish. Surprisingly attractive combo that gives fresh, clean & confident vibes.

🤎🤍 Brown + Cream = Warm, mature & underrated. Gives old-money energy when paired with clean white sneakers or loafers.

🫒🤍 Olive Green + Cream = Calm, masculine & expensive-looking combo. Perfect for coffee dates, casual outings or when you want a clean “effortlessly stylish” vibe.

🤍🩵 White + Light Blue = Fresh, soft & rich-boy aesthetic. One of the cleanest summer combinations that never looks overdone.

🩶💙 Teal + Grey = Modern & confident combo. Slightly different from basic colors, so you stand out without looking loud.

🏜️🖤 Sand + Black = Clean contrast. Sand keeps it soft while black makes it sharp — perfect for evening fits.

🩶🖤 Grey + Black = Safe but elite. Minimal, masculine & impossible to mess up. Looks best with silver accessories/watch.

🍷🩶 Maroon + Grey = Rich & bold combo. Maroon grabs attention while grey balances it out for a classy finish.

Quick styling rule: Dark shirts = lighter bottoms for contrast. Soft/light shirts = darker or washed denim for balance. Clean fit matters more than expensive clothes.

[best color combinations for men, shirt pant combination men, mens fashion ideas, mens outfit inspiration, affordable outfits men, classy outfits for men, men style tips, aesthetic menswear, casual outfits men, rich looking outfits men, old money outfits men, summer outfit ideas men, clean outfit ideas men, shirt color matching men, stylish men outfits, mens clothing ideas, smart casual outfits men, mens wardrobe essentials, outfit combinations for men, affordable fashion men, premium look on budget, men fashion guide, stylish shirt combinations, menswear trends, fashion tips for men]
#mensfashion #mensstyle #outfitideas #mensoutfits #fashionformen","Follow then Comment ""Link"" for all outfits links 🖇",12:25,224340,312188,8879,2338,426,1301,,,,2026-07-05,12,Sunday,Afternoon,Direct utility,Link-request comment,12944,5.769813675670857,3.957831862351788,1.0421681376482126,0.1898903450120353,0.5799233306588214,1.3915842025497014,,,22801,10.163590977979851,False,typical
103,2026-07-05,post,Outfit Ideas,Promotion,Men in these linen outfits ✨😩🤌 >>>,"Follow then Comment ""LINK"" for all linen outfit links 👇🔗
Men in these linen outfits ✨😩🤌 >>>

🩵 Light Blue Linen Shirt + Cream Pants — ₹540/-
Nothing looks more fresh than soft blue in summer.
Breathable linen fabric keeps you cool & stylish all day 💙

🤎 Brown Linen Shirt + Cream Pants — ₹540/-
Brown linen gives effortless old-money summer vibes.
Looks expensive without trying too hard 🔥

🖤 Black Linen Shirt + Cream Pants — ₹540/-
Black never misses — especially in breathable linen.
Clean, sharp & instantly attractive every single time 🖤

🩷 Pink Linen Shirt + Cream Pants — ₹540/-
Soft pink linen gives rich, clean & effortless vibes instantly.
This combo quietly stands out without looking overdone 🌸

🌿 Olive Green Linen Shirt + Cream Pants — ₹540/-
Olive + cream is one of the cleanest earthy combos ever.
Looks premium, mature & ridiculously aesthetic 🍃

🍷 Maroon Linen Shirt + Cream Pants — ₹540/-
Deep maroon with cream gives the perfect classy contrast.
Minimal effort but maximum stylish feel 🤎

🤍 White Linen Shirt + Light Blue Jeans — ₹540/-
The cleanest combo every guy should own.
Fresh, timeless and works literally everywhere 👌

Full linen outfit under ₹550 💸
Comfort + style = best summer combo ☀️
Save this before summer ends 🔖

Follow for daily budget outfit inspo 🌟

[ linen outfits men india, summer linen outfits men, budget linen outfits, men linen shirt outfit ideas, affordable outfits for men, cream pants outfit men, casual summer looks men, old money outfits men, classy men outfits india, aesthetic outfits for men, korean outfit men, pinterest fashion men, summer fashion men india, budget fashion men, attractive outfits for men ]

#linenoutfits #mensfashion #summeroutfits #budgetfashionindia #mensoutfitideas",Save this before summer ends 🔖,15:17,166500,257086,7591,2399,267,397,,,,2026-07-05,15,Sunday,Afternoon,Emotional / social,Save / share,10654,6.398798798798799,4.559159159159159,1.4408408408408409,0.16036036036036036,0.23843843843843843,1.54406006006006,,,17444,10.476876876876878,False,typical
104,2026-07-05,video,Color Combo Guide,Promotion,Share this with a friend who still wears random shirts,"Share this with a friend who still wears random shirts
Follow then Comment ""SHIRT"" for all shirt links 🔗

These 9 shirts are enough to build a clean, versatile wardrobe in 2026.

🩵 Light Blue — Fresh everyday essential
🤍 White — Timeless and goes with everything
🤎 Beige — Clean, minimal & premium
💙 Navy Blue — Smart for every occasion
🖤 Black — Sharp and effortless
☕ Brown — Rich neutral for elevated outfits
💚 Olive — Earthy and versatile
🌲 Dark Green — Understated but stylish
🩶 Light Grey — Easy to pair with almost anything

If you're building your wardrobe on a budget, start with these colors first.

📌 Save this post so you never forget the essentials.
📤 Share it with a friend who's always confused about what shirts to buy.
💬 Comment ""SHIRT"" and I'll send you all the links.
Follow @budgetfitzz for daily affordable men's fashion.

[ must have shirts for men, wardrobe essentials men, shirt collection men, affordable shirts men, old money style men, premium looking shirts, minimalist wardrobe men, casual shirts for men, smart casual outfits, men styling tips, korean style men, timeless menswear, budget fashion india, summer shirts men, outfit inspiration men, Must have colors for men in 2026, oldmoney fashion Inspiration, best color combination, oldmoney shirts, men fashion inspiration, affordable fashion finds under budget ]
#mensfashion #shirtstyle #wardrobeessentials #oldmoneystyle #budgetfashion",Follow @budgetfitzz for daily affordable men's fashion.,17:30,11262,15495,679,222,15,43,115460.0,511021.0,6.6,2026-07-05,17,Sunday,Evening,Other,Follow,959,8.515361392292666,6.029124489433493,1.9712306872669154,0.13319126265316997,0.38181495293908724,1.3758657432072456,4.425957041399619,67.0599551727215,1577,14.002841413603267,True,strong
105,2026-07-06,post,Outfit Ideas,Promotion,Men in these premium shirt + pant combinations 🤍✨ >>>,"Follow then Comment ""LINK"" for all outfit links 👇🔗
Men in these premium shirt + pant combinations 🤍✨ >>>

🌸 Pink Gradient Shirt + White Wide-Leg Pants — ₹698/-
Soft pastel tones with crisp white bottoms create a clean luxury look.
Perfect for brunches, vacations & effortless summer outfits 🌷

💙 Navy Gradient Shirt + White Wide-Leg Pants — ₹698/-
Classic navy paired with white always looks sharp and timeless.
Ideal for dinners, cafés & smart casual occasions 🌊

🖤 Black Gradient Shirt + Washed Grey Wide-Leg Jeans — ₹698/-
Bold monochrome styling that never goes out of fashion.
Perfect for evening outings, dates & weekend fits 🌑

🩵 Sky Blue Gradient Shirt + White Wide-LLeg Pants — ₹698/-
Fresh, minimal and made for warm-weather styling.
An easy combination that always looks premium ☁️
Premium-looking outfits under ₹700 💸

Save this post for your next shirt & pant outfit inspiration 🔖
Follow @budgetfitzz for daily budget outfit inspo 🌟

[ shirt pant outfit men, gradient shirt outfit, white pants outfit men, navy blue shirt outfit, black shirt grey jeans, pink shirt white pants, sky blue shirt outfit, summer outfits men, old money outfits men, korean style men, affordable mens fashion, budget fashion india, casual outfit ideas men, aesthetic outfits men, clean outfit ideas, premium shirt outfits, wide leg pants men, relaxed fit outfits, college outfits men, cafe outfit ideas, vacation outfits men, minimal menswear, men fashion india, smart casual outfits men, trendy outfits men, outfit inspiration men, affordable outfit ideas, stylish outfits men, premium fashion men, summer fashion men ]

#mensfashion #budgetfashionindia #mensoutfitideas #shirtstyle #summerstyle",Follow @budgetfitzz for daily budget outfit inspo 🌟,02:00,221660,366054,8572,2511,357,595,,,,2026-07-06,2,Monday,Late night,Aspirational,Follow,12035,5.429486601100785,3.8671839754579085,1.1328160245420915,0.16105747541279436,0.26842912568799066,1.6514210953712893,,,19913,8.983578453487324,False,typical
106,2026-07-06,post,Outfit Ideas,Promotion,Summer outfit ideas under budget 😮‍💨✨ >>>,"Follow then Comment ""LINK"" for all outfit links 👇🔗
Summer outfit ideas under budget 😮‍💨✨ >>>

🤍 White Graphic T-Shirt + Black Relaxed Pants — ₹528/-
A clean monochrome combination that's easy to style for everyday wear.

🖤 Minimal White Tee + Black Relaxed Pants — ₹528/-
Simple, versatile and comfortable for college, travel and casual outings.

⚪ White Printed T-Shirt + Black Side-Stripe Pants — ₹528/-
A sporty everyday outfit with a modern, relaxed look.

🌿 White Printed Polo + Black Relaxed Pants — ₹428/-
Comfortable, stylish and suitable for daily casual wear.

🤎 Graphic T-Shirt + Brown Relaxed Pants — ₹528/-
Neutral colors create a clean and balanced outfit that's easy to wear.

⚡ Grey Graphic T-Shirt + Black Relaxed Pants — ₹528/-
A timeless black and grey combination for effortless everyday styling.

Complete outfit combinations under ₹600 💸
📌 Save this post for future outfit ideas.
📤 Share it with someone who likes affordable fashion.
💬 Comment ""LINK"" if you'd like the outfit links.
Follow @budgetfitzz for daily budget outfit inspiration.

[ budget outfit ideas men, casual outfits men, affordable fashion men, summer outfit ideas men, relaxed fit outfits men, oversized t shirt outfit, everyday mens outfits, minimal outfits men, aesthetic outfits men, college outfit ideas men, streetwear outfits men, affordable menswear, budget fashion india, mens style inspiration, casual fashion men ]
#mensfashion #mensstyle #budgetfashion #summeroutfits #streetwear",Follow @budgetfitzz for daily budget outfit inspiration.,07:50,1350850,1694943,40088,13946,1193,1318,,,,2026-07-06,7,Monday,Morning,Direct utility,Follow,56545,4.185882962579117,2.9676129844172188,1.0323870155827812,0.08831476477773254,0.09756819780138432,1.2547233223525929,,,91970,6.808305881482029,False,weak
107,2026-07-06,post,Sneaker Review,Promotion,Why these footwear instantly upgrade your whole look 👇✨,"Follow then Comment ""LINK"" for all footwear links 👇🔗
Why these footwear instantly upgrade your whole look 👇✨

 🤍 USPA Slides — ₹350/-
Classic clean white design never goes out of style.
Premium branded feel with everyday comfort.
Easy to style with literally anything 🔥

🖤 Super Slides — ₹190/-
Bold graphic design makes plain outfits pop instantly.
Chunky sole adds height & gives a clean streetwear edge.
Black + white combo works with almost every outfit 🔥

🔵 HRX Slides — ₹190/-
Clean blue & white combo gives premium sporty vibes.
Minimal yet stylish enough for daily casual fits.
Perfect with cargos, joggers & oversized tees 💙

🪵 Double Strap Sandals — ₹150/-
More structured & stylish than basic slippers.
Earth tones go with almost everything in your wardrobe.
Comfort + aesthetic in one pair 🤌

🟫 Olive Patch Slides — ₹190/-
Olive + beige combo looks super premium in hand.
The patch detail makes it stand out from regular slides.
Looks expensive without actually being expensive 😎

🤎 Birkenstock Style Clogs — ₹190/-
Closed-toe design instantly makes your outfit look cleaner.
Minimal aesthetic that pairs perfectly with jeans & trousers.
Effortless rich-boy vibe on a budget ✨

🫒 Olive Premium Slides — ₹190/-
Muted earthy tones are trending for clean aesthetics.
Simple design but gives a luxury minimal vibe.
Perfect for everyday wear & chill fits 👌

All footwear starting at just ₹150/- 💸
Your feet deserve an upgrade too ✅

Follow @budgetfitzz for daily budget fashion inspo 🔥

Keywords:
[best slippers for men, stylish slides for men, affordable footwear men india, premium slippers under 500, aesthetic footwear men, trendy slides for men, mens fashion accessories, budget fashion men, casual footwear men, comfy slippers men, everyday sandals men, stylish footwear india, mens style essentials, premium look on budget, mens fashion india]

#mensfashion #mensstyle #slippersformen #mensfootwear #budgetfashion",Follow @budgetfitzz for daily budget fashion inspo 🔥,12:42,295260,451664,11663,3100,322,867,,,,2026-07-06,12,Monday,Afternoon,Question,Follow,15952,5.402695929011719,3.9500778974463184,1.0499221025536816,0.10905642484589854,0.29363950416581996,1.5297161823477612,,,25719,8.710627921154238,False,typical
108,2026-07-06,post,Outfit Ideas,Promotion,Men in these shirts 😩✨ >>>,"Follow then Comment ""LINK"" for all shirt links 👇🔗
Men in these shirts 😩✨ >>>

🤍 White Shirt
Clean. Timeless. Effortlessly premium.
The color that never goes out of style.

🖤 Black Shirt
Sharp. Confident. Minimal.
Perfect when you want a bold and polished look.

🩵 Light Blue Shirt
Fresh. Relaxed. Refined.
An easy choice for a soft, premium aesthetic.

🤎 Brown Shirt
Warm. Mature. Understated.
A subtle color that stands out without being loud.

🌸 Pink Shirt
Confident. Modern. Effortlessly stylish.
Adds personality while keeping the outfit clean.
Every color creates a different impression.

The best outfit isn't always the loudest one—it's the one that fits your vibe.

💬 Which color matches your personality the most?
🤍 White | 🖤 Black | 🩵 Blue | 🤎 Brown | 🌸 Pink

📌 Save this for your next outfit inspiration.
📤 Share it with someone who appreciates clean men's fashion.
Follow @budgetfitzz for daily budget outfit inspiration. 🌟

[ men's shirt outfits, white shirt aesthetic, black shirt outfit men, light blue shirt outfit, brown shirt style, pink shirt men, aesthetic mens fashion, old money outfits, clean outfit ideas, minimal menswear, classy outfits men, affordable fashion india, casual style men, summer shirts men, men's fashion inspiration ]
#mensfashion #mensstyle #oldmoneyaesthetic #menswear #outfitinspiration",Follow @budgetfitzz for daily budget outfit inspiration. 🌟,15:10,44983,63450,1986,713,29,73,,,,2026-07-06,15,Monday,Afternoon,Emotional / social,Follow,2801,6.2267967898984065,4.415001222684125,1.585043238556788,0.06446879932418914,0.1622835293333037,1.410532867972345,,,4533,10.07714025298446,False,typical
109,2026-07-06,video,Color Combo Guide,Promotion,Share this with a friend who still wears random colors,"Share this with a friend who still wears random colors
Follow then Comment ""LINK"" for links 🖇

.
Must have colors for men in 2026 >>>
.
[ oldmoney fashion Inspiration, best color combination, oldmoney shirts, men fashion inspiration, affordable fashion finds under budget ]
.
Follow @aristostyling for more.
Must have shirts for men in 2026 >>>

[ attractive shirts for summer, rich look shirts under budget, college fashion for summer, oldmoney fashion, best fashion finds, oldmoney shirts in budet,  affordable fashion finds under budget,  trending fashion ]

Follow @budgetfitzz for more.

#richlook #oldmoneyshirts #shirts #afforɗablefshion #underbudget",Follow @budgetfitzz for more.,17:15,5760000,9543780,281606,5002,9779,9872,10236486.0,39409657.0,6.4,2026-07-06,17,Monday,Evening,Other,Follow,306259,5.3169965277777775,4.888993055555556,0.08684027777777777,0.16977430555555556,0.1713888888888889,1.65690625,3.849920470755296,60.15500735555149,375216,6.514166666666667,True,weak
110,2026-07-07,post,Color Combo Guide,Promotion,These affordable shirt + white trouser combinations >>> 🤍✨,"Follow then Comment ""LINK"" for all outfit links 👇🔗
These affordable shirt + white trouser combinations >>> 🤍✨

💙 Blue Check Shirt + White Trouser — ₹459/-
Fresh, clean and perfect for everyday summer outfits.

❤️ Maroon Check Shirt + White Trouser — ₹459/-
A bold color combination that stands out without looking loud.

💚 Green Check Shirt + White Trouser — ₹459/-
A balanced, earthy combination with a premium casual vibe.

🩵 Sky Blue Check Shirt + White Trouser — ₹459/-
Light tones that keep your outfit simple, fresh and stylish.

🤎 Grey Check Shirt + White Trouser — ₹459/-
Minimal colors that work for college, cafés and casual outings.

🖤 Navy Check Shirt + White Trouser — ₹459/-
A timeless combination that's easy to wear for almost any occasion.
✨ Complete outfit under ₹500 each. Perfect if you like clean, budget-friendly outfit combinations.

💬 Which one are you picking? 💙 Blue • ❤️ Maroon • 💚 Green • 🩵 Sky Blue • 🤎 Grey • 🖤 Navy

📌 Save this for your next outfit. 📤 Share it with a friend who loves affordable fashion.
Follow @budgetfitzz for daily budget outfit inspiration.

[ check shirt outfit men, white trouser outfit men, affordable mens fashion india, budget outfit ideas, check shirt combinations, casual shirts for men, summer outfit men, college outfits men, aesthetic mens fashion, affordable clothing india, mens style inspiration, casual fashion men, everyday outfits men, shirt trouser combination, budget fashion finds ]
#mensfashion #budgetfashion #shirtstyle #outfitideas #menswear",Follow @budgetfitzz for daily budget outfit inspiration.,02:00,697040,871623,27896,6956,1061,938,,,,2026-07-07,2,Tuesday,Late night,Emotional / social,Follow,36851,5.2867841156891995,4.002065878572248,0.9979341214277517,0.1522150809135774,0.13456903477562263,1.2504633880408584,,,56760,8.143004705612302,False,weak
111,2026-07-07,post,Color Combo Guide,Promotion,Clean oversized outfit ideas under budget ✨ >>>,"Follow then Comment ""LINK"" for all outfit links 👇🔗
Clean oversized outfit ideas under budget ✨ >>>

🩶 Grey Raglan T-Shirt + Black Relaxed Pants — ₹448/-
A clean everyday combination that's comfortable and easy to style.
Perfect for college, casual outings & everyday wear.

🤍 Off-White Raglan T-Shirt + Black Relaxed Pants — ₹448/-
Minimal colors with a relaxed fit create a timeless casual look.
Simple, versatile and suitable for daily wear.

❤️ Red Oversized T-Shirt + White Relaxed Pants — ₹448/-
A bold color combination balanced with clean white bottoms.
Ideal for casual meetups, travel & weekend outfits.

🤎 Brown Graphic T-Shirt + Off-White Relaxed Pants — ₹448/-
Earth-tone colors that give a clean, balanced aesthetic.
Comfortable enough for all-day wear.

🥜 Beige Raglan T-Shirt + Off-White Relaxed Pants — ₹448/-
Neutral shades that work well together for a minimal everyday outfit.
Easy to mix, match and style.

💙 Navy Oversized T-Shirt + Grey Relaxed Pants — ₹448/-
A classic color combination that never goes out of style.
Perfect for everyday casual outfits.

Complete outfit combinations under ₹500 💸

📌 Save this post for future outfit ideas.
📤 Share it with someone who likes budget fashion.
💬 Comment ""LINK"" if you'd like the outfit links.

Follow @budgetfitzz for daily budget outfit inspiration.

[ oversized t shirt outfit men, casual outfits men, budget fashion india, affordable outfits men, relaxed fit pants men, summer outfit ideas men, everyday mens outfits, minimal mens style, aesthetic outfits men, college outfit ideas men, oversized fashion men, casual streetwear men, outfit inspiration men, budget outfit ideas, mens fashion india ]

#mensfashion #mensstyle #budgetfashion #oversizedtee #casualoutfits",Follow @budgetfitzz for daily budget outfit inspiration.,07:30,230720,390635,9093,2443,347,309,,,,2026-07-07,7,Tuesday,Morning,Direct utility,Follow,12192,5.284327323162275,3.9411407766990294,1.058859223300971,0.1503987517337032,0.13392857142857142,1.6931128640776698,,,19046,8.255027739251041,False,weak
112,2026-07-07,post,Budget Finds,Promotion,These shirts for men 😭🤌✨️ >>>>,"These shirts for men 😭🤌✨️ >>>>
Follow then Comment ""LINK"" for links 🖇

Must have shirts for men in 2026 >>>

[ attractive shirts for summer, rich look shirts under budget, college fashion for summer, oldmoney fashion, best fashion finds, oldmoney shirts in budet,  affordable fashion finds under budget,  trending fashion ]

Follow @budgetfitzz for more.

#richlook #oldmoneyshirts #shirts #afforɗablefshion #underbudget",Follow @budgetfitzz for more.,12:35,252920,316378,9446,3200,467,460,,,,2026-07-07,12,Tuesday,Afternoon,Emotional / social,Follow,13573,5.366519057409457,3.734777795350308,1.2652222046496917,0.18464336549106436,0.18187569191839315,1.2509014708208128,,,22754,8.996520638937215,False,typical
113,2026-07-07,post,Outfit Ideas,Promotion,These Polo T-shirts 😩🩷✨ >>>,"Follow then Comment ""LINK"" for all polo T-shirt links 👇🔗
These Polo T-shirts 😩🩷✨ >>>

🤍 White Polo — ₹199/-
A timeless color that pairs well with jeans, chinos, or shorts.

🖤 Black Polo — ₹199/-
Simple, versatile, and suitable for everyday casual wear.

🩵 Sky Blue Polo — ₹199/-
A fresh color that's great for warm-weather outfits.

🤎 Cream Polo — ₹199/-
A clean neutral option for minimal everyday styling.

❤️ Maroon Polo — ₹199/-
Adds a rich touch while remaining easy to pair with basic bottoms.

💙 Navy Blue Polo — ₹199/-
A reliable wardrobe staple that works for many occasions.
Affordable polo T-shirts under ₹200. 💸

📌 Save this post for your next wardrobe upgrade.
📤 Share it with a friend looking for budget fashion.
💬 Comment ""LINK"" to get all the product links.
Follow @budgetfitzz for more budget fashion finds.

[ polo t shirt men, affordable polo t shirt, budget polo t shirt india, casual t shirt for men, summer t shirt men, everyday outfits men, minimal mens fashion, classic polo outfit, affordable mens fashion, budget fashion india, men clothing under 200, polo outfit ideas, casual wear men, mens style inspiration, wardrobe essentials men ]
#mensfashion #polotshirt #budgetfashion #mensstyle #affordablefashion",Follow @budgetfitzz for more budget fashion finds.,14:50,370900,527562,13523,5022,574,1046,,,,2026-07-07,14,Tuesday,Afternoon,Emotional / social,Follow,20165,5.4367754111620386,3.645996225397681,1.3540037746023188,0.15475869506605552,0.2820167160959828,1.4223833917497979,,,35069,9.455109193852792,False,typical
114,2026-07-07,video,Budget Finds,Promotion,Share this with a friend who still wears cringy screen,"Share this with a friend who still wears cringy screen
Follow then Comment ""LINK"" for the watch link 👇🔗
Some accessories don't need attention. They earn it. ⌚✨

A clean stainless steel watch adds a timeless finish to any outfit.
Minimal. Versatile. Easy to wear from weekdays to weekends.
Less noise. Better details.

📌 Save this for your next watch inspiration.
📤 Share it with someone who appreciates clean style.
💬 Comment ""LINK"" for the watch link.
Follow @budgetfitzz for more budget fashion finds.

[ men's watches under budget, affordable watches for men, stainless steel watch men, minimal watch aesthetic, classic men's watch, everyday watch men, old money style accessories, clean mens fashion, premium budget accessories, timeless watch style, affordable mens accessories, silver watch men, men's style inspiration, budget fashion india, aesthetic menswear ]
#mensfashion #watchesformen #budgetfashion #minimalstyle #oldmoneyaesthetic",Follow @budgetfitzz for more budget fashion finds.,17:15,5760000,10319619,257843,1431,10348,12586,5290858.0,25716641.0,6.3,2026-07-07,17,Tuesday,Evening,Other,Follow,282208,4.899444444444445,4.476440972222222,0.02484375,0.17965277777777777,0.21850694444444443,1.7916005208333334,4.860580457838785,77.1520707593458,353872,6.1436111111111105,False,weak
115,2026-07-08,post,Outfit Ideas,Promotion,Men in these shirts 😩🩷✨ >>>,"Follow then Comment ""LINK"" for all shirt links 👇🔗
Men in these shirts 😩🩷✨ >>>

❤️ Burgundy Fade Shirt
💙 Sky Blue Fade Shirt
🖤 Black Fade Shirt
🤎 Coffee Brown Fade Shirt
🩷 Pink Fade Shirt
💚 Forest Green Fade Shirt

These gradient shirts pair effortlessly with white jeans, beige chinos, or black trousers for a clean everyday look.

📌 Save this post for your next outfit.
📤 Share it with someone who likes minimal fashion.
💬 Comment ""LINK"" to get all the product links.

Follow @budgetfitzz for more budget fashion finds.

[ men's shirts, gradient shirt, ombre shirt, casual shirts for men, affordable men's fashion, budget outfits india, everyday style, minimalist outfits, smart casual look, men's wardrobe essentials, white jeans outfit, trendy shirts, fashion under 500, casual wear men, outfit inspiration ]

#mensfashion #casualstyle #budgetfashion #menswear #outfitideas",Follow @budgetfitzz for more budget fashion finds.,02:00,552500,690680,21846,5779,897,1265,,,,2026-07-08,2,Wednesday,Late night,Emotional / social,Follow,29787,5.39131221719457,3.954027149321267,1.0459728506787331,0.1623529411764706,0.22895927601809954,1.2500995475113121,,,47831,8.657194570135747,False,typical
116,2026-07-08,post,Outfit Ideas,Promotion,These rich look shirts >>>>,"Follow then Comment “LINK” for all shirt links 👇🔗
These rich look shirts >>>>

🌿 Sage Green Shirt — ₹199/-
One of the cleanest underrated colors for men right now.
Minimal, aesthetic & perfect for summer fits 🍃

🤍 Off White Shirt — ₹199/-
The kind of shirt that literally goes with everything.
Clean, classy & impossible to style wrong 👌

 🩵 Dusty Blue Shirt — ₹199/-
Soft pastel tone gives clean rich-boy vibes instantly.
Looks fresh, premium & perfect for everyday outfits 💙

🤎 Coffee Brown Shirt — ₹199/-
Earthy tones always make outfits look expensive.
Pairs perfectly with cream pants or black jeans 🔥

🌌 Navy Blue Shirt — ₹199/-
Dark navy always gives mature & premium vibes.
Looks sharp without trying too hard 💫

🩶 Light Grey Shirt — ₹199/-
Simple but insanely versatile for daily wear.
Clean neutral tones = effortless style 🩶

🩵 Sky Blue Shirt — ₹199/-
Fresh color that instantly upgrades basic outfits.
Looks best with white or light denim fits ✨

Starting at just ₹199/- 💸

Save this before sizes go out of stock 🔖
Follow @budgetfitzz for daily budget fashion inspo 🔥

[ budget shirts for men, affordable shirts men india, casual shirts for men, shirt outfit ideas men, men fashion india, stylish shirts under 300, summer shirts men india, affordable menswear india, budget fashion india, casual outfit ideas men ]
#mensfashion #budgetfashionindia #shirtstyle #mensoutfitideas #affordablefashion",Follow @budgetfitzz for daily budget fashion inspo 🔥,08:28,284460,413756,11154,3069,515,396,,,,2026-07-08,8,Wednesday,Morning,Aspirational,Follow,15134,5.320255923504184,3.9211136890951277,1.0788863109048723,0.1810447866132321,0.13921113689095127,1.4545313928144554,,,24005,8.438796315826478,False,weak
117,2026-07-08,post,Outfit Ideas,Promotion,Men in these outfits 😩✨️💕 >>>>,"Follow then Comment ""LINK"" for all outfit links 🔗
Men in these outfits 😩✨️💕 >>>>

🫒 Olive Ribbed Polo × White Trousers – ₹199 + ₹299
🤍 White Polo × Brown Trousers – ₹199 + ₹299
🤍 Off-White Zip Polo × Grey Trousers – ₹199 + ₹299

Minimal outfits that look premium without spending a fortune.

📌 Save this for your next outfit.
📤 Share it with a friend who loves clean style.
💬 Comment ""LINK"" to get all product links.

Follow @budgetfitzz for more budget fashion finds.

[ polo t shirt, ribbed polo, old money outfit, quiet luxury style, men's fashion india, budget fashion, white trousers outfit, brown trousers outfit, grey trousers outfit, summer outfits for men, minimal style, smart casual, premium outfit, affordable clothing, casual wear, men's wardrobe essentials, aesthetic outfits, clean fit, everyday fashion, outfit inspiration ]

#mensfashion #budgetfashion #oldmoney #outfitideas #menswear",Follow @budgetfitzz for more budget fashion finds.,12:30,714460,1068528,28064,7659,293,1499,,,,2026-07-08,12,Wednesday,Afternoon,Emotional / social,Follow,37515,5.250818800212748,3.9280015676175015,1.0719984323824987,0.04100999356157098,0.2098088066511771,1.4955742798757103,,,58209,8.14727206561599,False,weak
118,2026-07-08,post,Outfit Ideas,Promotion,Men in these shirts 😮‍💨🤌 >>>,"Follow then Comment ""LINK"" for all outfit links 🔗
Men in these shirts 😮‍💨🤌 >>>

A clean shirt is one of the easiest ways to upgrade your style. Whether you like classic white, timeless black, soft blue stripes, earthy brown, elegant wine, or fresh pink—these shirts work for college, office, cafés, date nights, and everyday wear.

👕 Featured Shirts: ⚫ Black Shirt – ₹399
⚪ White Shirt – ₹399
🔵 Blue Stripe Shirt – ₹349
🤎 Brown Shirt – ₹349
🍷 Wine Shirt – ₹399
🌸 Pink Stripe Shirt – ₹349

💬 Comment ""LINK"" and I'll send you all the outfit links.

📌 Save this post for your next shopping haul.
📤 Share it with someone who needs a wardrobe upgrade.

Follow @budgetfitzz for more budget men's fashion.

[ men's fashion, men fashion india, budget fashion, affordable shirts, black shirt outfit, white shirt outfit, striped shirt, blue striped shirt, pink striped shirt, brown shirt outfit, wine shirt outfit, casual shirts for men, old money style, quiet luxury, smart casual outfits, minimalist fashion, men's wardrobe essentials, office outfits men, date night outfits, college outfits, korean fashion men, aesthetic outfits, premium look on budget, summer outfits men, everyday outfits, trendy shirts, style inspiration, outfit ideas for men, affordable clothing, men's style ]

#mensfashion #budgetfashion #outfitideas #menswear #oldmoneystyle",Follow @budgetfitzz for more budget men's fashion.,14:50,57433,70859,2716,730,40,97,,,,2026-07-08,14,Wednesday,Afternoon,Emotional / social,Follow,3583,6.2385736423310645,4.728988560583637,1.2710462626016403,0.06964637055351452,0.16889244859227273,1.2337680427628714,,,5454,9.496282624971707,False,typical
119,2026-07-08,video,Outfit Ideas,Community,Which one has the strongest aura? 👀,"Which one has the strongest aura? 👀
Comment Now >>>>
🐎 Ralph Lauren
🐊 Lacoste
🌿 Fred Perry
👇 Vote in the comments: 1 = Ralph Lauren
2 = Lacoste
3 = Fred Perry
Follow @budgetfitzz for more men's fashion content.
[ old money style, quiet luxury, polo shirts, ralph lauren style, lacoste style, fred perry style, luxury fashion, premium menswear, men's fashion india, aesthetic outfits, timeless fashion, classic menswear, smart casual, fashion inspiration, wardrobe essentials, logo fashion, luxury brands, clean style, men's style guide, outfit inspiration ]
#mensfashion #oldmoney #quietluxury #style #menswear",Follow @budgetfitzz for more men's fashion content.,17:00,11912,18934,701,252,27,26,501135.0,1799020.0,6.5,2026-07-08,17,Wednesday,Evening,Question,Follow,1006,8.445265278710544,5.88482202820685,2.1155137676292814,0.22666218938885158,0.2182672934855608,1.58948959032908,3.5898909475490637,55.229091500754826,1669,14.011081262592343,True,typical
120,2026-07-09,post,Color Combo Guide,Promotion,"Save this color guide, you’ll thank yourself later >>","Save this color guide, you’ll thank yourself later >>
Follow then Comment “Link” for all outfit links 🖇

Best shirt + beige pants combinations every guy should know 😮‍💨✨
Simple colors. But the right combo changes your whole vibe.

🤎 Brown Shirt + Beige Pants
Warm, earthy and mature.
Clean old-money aesthetic on a budget 😌

🩵 Light Blue Shirt + Beige Pants
Fresh, calm and super clean.
One of the easiest rich-boy summer combos ❄️

🍷 Maroon Shirt + Beige Pants
Rich, bold and effortlessly classy.
Looks expensive without doing too much 🔥

🩷 Dusty Pink Shirt + Beige Pants
Soft, underrated and attractive.
Makes you stand out without looking loud ✨

🌿 Sage Green Shirt + Beige Pants
Minimal, fresh and aesthetic.
Perfect balance of classy + effortless 🍃

🤍 White Shirt + Beige Pants
Timeless combo that never fails.
Simple, clean and always stylish 👌

🖤 Black Shirt + Beige Pants
Sharp, sleek and premium-looking.
The safest combo when you want instant aura 🖤

💙 Navy Blue Shirt + Beige Pants
Confident, versatile and clean.
Works for casual days, dinners & almost everything 😮‍💨

Which combo are you wearing first? 👀
Follow @budgetfitzz for daily men’s fashion inspo 🌟

[ shirt pant color combinations men, beige pants outfit men, men fashion guide, classy outfit ideas men, men styling tips, summer outfit ideas men, aesthetic outfits men, men wardrobe essentials, affordable fashion men, old money outfits men, pinterest outfits men, casual outfit ideas men, rich looking outfits men, men fashion india, men outfit inspiration, minimal outfit ideas men, shirt matching pant combination, men styling guide, attractive outfits for men ]

#mensfashion #mensoutfitideas #mensstyleguide #colorcombinationsoutfits #beigepantsoutfit",Follow @budgetfitzz for daily men’s fashion inspo 🌟,02:00,50333,89457,2295,725,57,101,,,,2026-07-09,2,Thursday,Late night,Direct utility,Follow,3178,6.313949099000656,4.559632845250631,1.440406890111855,0.11324578308465619,0.2006635805535136,1.7773031609480858,,,5102,10.136490970138876,False,typical
121,2026-07-09,post,Outfit Ideas,Promotion,Summer outfits that make you look expensive without spending a fortune. ☀️🤍,"Follow then Comment ""LINK"" for all outfit links 🔗
Summer outfits that make you look expensive without spending a fortune. ☀️🤍

5 clean outfit combinations that are perfect for college, office, cafés, vacations, and everyday wear.

✨ Outfit 1
🤍 White Shirt – ₹349
👖 Wide Leg Jeans – ₹499
👟 Sneakers – ₹399

✨ Outfit 2
🍷 Wine Shirt – ₹199
🤍 Linen Pants – ₹399
👟 Black Sneakers – ₹220

✨ Outfit 3
💙 Sky Blue Shirt – ₹250
🤍 Linen Pants – ₹399
👟 White Sneakers – ₹220

✨ Outfit 4
🌸 Pink Stripe Shirt – ₹249
🤍 Linen Pants – ₹399
👟 White Sneakers – ₹220

✨ Outfit 5
🌿 Sage Green Shirt – ₹249
🤍 Beige Trousers – ₹549
👟 Black Sneakers – ₹350

💬 Comment ""LINK"" and I'll send you every outfit link.
📌 Save this post for your next shopping haul.
📤 Share it with a friend who's rebuilding his wardrobe.
Follow @budgetfitzz for more budget men's fashion.

[ men's fashion, men fashion india, budget outfits, summer outfits men, affordable outfits, white shirt outfit, linen pants men, wide leg jeans men, old money style, quiet luxury, korean fashion men, smart casual outfits, casual outfit ideas, men's wardrobe essentials, affordable clothing, premium look on budget, everyday outfits, college outfits men, office outfits men, vacation outfits men, minimalist style, aesthetic outfits, clean fit, shirt outfit ideas, trendy fashion, menswear india, budget style, outfit inspiration, men's clothing, summer fashion ]
#mensfashion #summeroutfits #budgetfashion #outfitideas #oldmoneystyle",Follow @budgetfitzz for more budget men's fashion.,07:30,43850,75472,1946,685,36,152,,,,2026-07-09,7,Thursday,Morning,Other,Follow,2819,6.428734321550741,4.437856328392247,1.5621436716077537,0.08209806157354618,0.346636259977195,1.721140250855188,,,4753,10.83922462941847,False,strong
122,2026-07-09,post,Color Combo Guide,Education,These Classy Jeans ✨️ >>>>,"Follow then Comment ""Link"" for all jeans links 🖇
These Classy Jeans ✨️ >>>>

Found some premium-looking denim jeans under budget that are easy to style and don’t look cheap 😮‍💨

🖤 Black Denim Jeans
Clean, versatile & instantly stylish.
Perfect for monochrome outfits, oversized tees & smart casual looks.

🤍 White Denim Jeans
Fresh, classy and premium-looking.
Perfect for vacations, café outfits & clean aesthetic fits.

🩶 Grey Denim Jeans
Underrated but super versatile.
Gives effortless streetwear + premium vibe.

🤎 Cream/Beige Denim Jeans
Minimal & expensive-looking 😮‍💨
Looks best with neutral shirts and old-money color combinations.

💙 Light Blue Denim Jeans
A wardrobe essential.
Timeless, clean and works with almost every outfit.

Styling tip:
The cleaner the fit, the more expensive your outfit looks. Good denim + clean sneakers = easy premium vibe.

Which color are you picking first? 👀👇
Black, White, Grey, Beige or Blue?

Follow @budgetfitzz for more affordable fashion finds 🌟

[ affordable jeans for men, denim jeans under 299, best jeans for men india, affordable fashion men india, budget fashion men, stylish jeans for men, premium looking outfits men, mens fashion under budget, denim outfit ideas men, casual outfits men, jeans styling men, streetwear outfits men, smart casual outfits men, classy outfits men, menswear india, wardrobe essentials men, everyday outfits men, men fashion india, affordable clothing men, stylish outfits men ]

#mensfashion #mensstyle #fashionguide #jeans #affordablefashion",Follow @budgetfitzz for more affordable fashion finds 🌟,12:30,314680,379910,12486,3248,609,1036,,,,2026-07-09,12,Thursday,Afternoon,Emotional / social,Follow,17379,5.5227532731663915,3.9678403457480615,1.0321596542519385,0.19352993517223846,0.32922333799415276,1.207289945341299,,,28810,9.155332401169442,False,typical
123,2026-07-09,post,Outfit Ideas,Promotion,Men in these clean outfits ✨😩🤌 >>>,"Men in these clean outfits ✨😩🤌 >>>
Follow then Comment “LINK” for all outfit links 👇🔗

🤍 White Shirt + Light Blue Jeans — ₹540/-
The cleanest combo every guy should own.
Fresh, attractive & works literally everywhere 👌

🌌 Navy Blue Shirt + Light Blue Jeans — ₹540/-
Dark navy with light denim is such an underrated combo.
Clean, stylish & low effort but high impact 💙

🥛 Cream Shirt + White Pants — ₹540/-
Minimal, classy & perfect for rich summer vibes.
Looks premium without even trying 🤍

🖤 Black Shirt + Cream Pants — ₹540/-
Black + cream never disappoints.
Sharp, mature & instantly makes you stand out 🖤

Full outfit under ₹550 💸
Save this before you forget 🔖
Comfort + style = perfect everyday fit ✨

Follow for daily budget outfit inspo 🌟

[ men outfit ideas india, budget outfits for men, casual outfits men, shirt outfit ideas men, affordable fashion men, summer outfits men india, classy outfits men, clean boy aesthetic men, korean outfit men, pinterest fashion men ]

#mensoutfitideas #budgetfashionindia #summerfashion #outfitinspo #mensfashion",Save this before you forget 🔖,14:50,54483,94510,2546,723,79,202,,,,2026-07-09,14,Thursday,Afternoon,Emotional / social,Save / share,3550,6.51579391736872,4.673017271442468,1.3270194372556576,0.14499935759778282,0.3707578510728117,1.7346695299451205,,,5839,10.71710441789182,False,strong
124,2026-07-10,post,Color Combo Guide,Promotion,Men in these outfits 😩✨ >>>,"Follow then Comment ""LINK"" for all outfit links 👇🔗
Men in these outfits 😩✨ >>>

🩷 Pink Check Shirt + White Jeans 🤍
🤎 Brown Check Shirt + White Jeans 🤍
💙 Blue Check Shirt + Light Wash Jeans 👖
💚 Sage Green Check Shirt + White Jeans 🤍
🧡 Rust Check Shirt + Black Jeans 🖤
💙 Sky Blue Check Shirt + White Jeans 🤍

Simple color combinations that are easy to wear for casual outings, college, coffee runs, or weekends.

📌 Save this post for future outfit ideas.
📤 Share it with someone who likes casual style.
💬 Comment ""LINK"" to get all the product links.

Follow @budgetfitzz for more budget fashion finds.

[ men's casual outfits, check shirt outfit, affordable men's fashion, budget outfits india, casual style men, everyday outfit ideas, flannel shirt outfit, white jeans outfit, black jeans outfit, relaxed fit jeans, summer casual wear, street style men, outfit inspiration, men's wardrobe essentials, affordable clothing ]

#mensfashion #casualstyle #budgetfashion #outfitideas #menswear",Follow @budgetfitzz for more budget fashion finds.,02:00,154300,191992,7016,2242,225,550,,,,2026-07-10,2,Friday,Late night,Emotional / social,Follow,10033,6.502268308489954,4.54698639014906,1.4530136098509399,0.1458198314970836,0.356448476992871,1.2442773817239146,,,16842,10.9151004536617,False,strong
125,2026-07-10,post,Outfit Ideas,Promotion,These Outfits 💀🔥 >>>>>,"Follow then Comment ""LINK"" for all outfit links 🔗
These Outfits 💀🔥 >>>>>

Affordable outfits that look expensive. Which one are you wearing first? 👀🔥

Swipe through 5 budget-friendly outfit combinations perfect for everyday wear, college, casual outings, and streetwear fits.

🖤 Oversized Graphic Tee + Baggy Jeans
⚽ Football Jersey + Wide-Leg Track Pants
💚 Athletic Tee + Track Pants
❤️ Red Baseball Tee + White Joggers
🖤 Black Jersey + Printed Track Pants

💬 Comment ""LINK"" and I'll send you all the outfit links.

📌 Save this post for your next outfit inspiration.
📤 Share it with a friend who always asks, ""Bhai outfit link bhej.""

Follow @budgetfitzz for more budget fashion, streetwear finds, and affordable outfit ideas.

[ men's fashion, budget outfits, affordable fashion, streetwear india, oversized t shirt, graphic tee, football jersey, sportswear outfit, baggy jeans, cargo pants, joggers, track pants, summer outfits men, casual outfits, college outfits, oversized fit, korean fashion men, aesthetic outfits, trendy clothes, men's style, fashion under 500, budget clothing, everyday outfits, outfit inspiration, sneakers, slides, affordable streetwear, men's wardrobe, viral fashion, outfit ideas ]

#mensfashion #streetwear #budgetfashion #outfitideas #summeroutfits","Follow @budgetfitzz for more budget fashion, streetwear finds, and affordable outfit ideas.",07:30,150500,227835,6635,2395,233,429,,,,2026-07-10,7,Friday,Morning,Emotional / social,Follow,9692,6.439867109634552,4.408637873754153,1.591362126245847,0.1548172757475083,0.2850498338870432,1.5138538205980065,,,16468,10.9421926910299,False,strong
126,2026-07-10,post,Outfit Ideas,Promotion,Men in these outfits 😩💗✨️ >>>>>,"Follow then Comment ""LINK"" for all outfit links 🖇
Men in these outfits 😩💗✨️ >>>>>

Every color creates a different first impression. Choose the vibe that matches your personality:

🤍 Cream Shirt + Light Blue Jeans → Clean, fresh, approachable, and effortlessly stylish.

🤎 Dark Brown Shirt + Cream Jeans → Mature, confident, old-money aesthetic with a premium feel.

💚 Olive Green Shirt + Cream Jeans → Calm, masculine, rugged, and perfect for everyday wear.

🩶 Light Grey Shirt + Black Jeans → Minimal, modern, sharp, and versatile for any occasion.

All outfits are built using budget-friendly pieces without compromising on style.

💰 Shirt: ₹199
👖 Jeans: ₹299

💬 Comment ""LINK"" and I'll send you all the outfit links.

📌 Save this post for your next shopping haul.
📤 Share it with a friend who always says, ""Bhai outfit suggest kar.""

Follow @budgetfitzz for daily budget outfits, styling tips, and affordable fashion finds.

[ men's fashion, budget fashion, affordable outfits, men's outfits, summer outfits men, casual outfits, old money aesthetic, minimalist fashion, korean fashion men, smart casual, textured shirt, ribbed shirt, overshirt, cream shirt, brown shirt, olive green shirt, grey shirt, light blue jeans, cream jeans, black jeans, outfit inspiration, street style, everyday outfits, college outfits, office casual, fashion under 500, budget shopping, men's wardrobe, trendy outfits, outfit ideas ]

#mensfashion #budgetfashion #outfitideas #summerstyle #oldmoneyfashion","Follow @budgetfitzz for daily budget outfits, styling tips, and affordable fashion finds.",12:20,359980,530151,13612,4387,477,806,,,,2026-07-10,12,Friday,Afternoon,Emotional / social,Follow,19282,5.356408689371632,3.781321184510251,1.2186788154897494,0.13250736152008444,0.22390132785154732,1.4727234846380355,,,31905,8.862992388466026,False,weak
127,2026-07-10,post,Color Combo Guide,Promotion,Men in these outfits 😩💗✨️ >>>>,"Follow then Comment ""LINK"" for all outfit links 🔗
Men in these outfits 😩💗✨️ >>>>

Checks never go out of style. These color combos make the same shirt feel completely different. ✨

Here's what each outfit says about your style:

💚 Green Check Shirt + Light Blue Jeans → Fresh, relaxed, outdoorsy, and easy-going.

🖤 Black Check Shirt + Light Blue Jeans → Bold, clean, masculine, and effortlessly cool.

🤎 Beige Check Shirt + Light Blue Jeans → Soft old-money aesthetic, classy, and timeless.

❤️ Maroon Check Shirt + Light Blue Jeans → Confident, eye-catching, and perfect for standing out.

💙 Navy Check Shirt + Light Blue Jeans → Mature, versatile, and ideal for everyday wear.

❤️🖤 Red & Black Check Shirt + Light Blue Jeans → Rugged, confident, and classic streetwear vibe.

All these shirts pair perfectly with the same light blue jeans and white sneakers, giving you multiple looks without rebuilding your wardrobe.

💰 Check Shirt: ₹399
👖 Jeans: ₹249

💬 Comment ""LINK"" and I'll send you every outfit link.

📌 Save this post for your next shopping haul.
📤 Share it with someone who always asks, ""Aaj kya pehnu?""

Follow @budgetfitzz for daily budget outfits, affordable fashion finds, and styling tips.

[ men's fashion, check shirt outfit, flannel shirt, check shirt men, budget fashion, affordable outfits, casual outfits men, light blue jeans outfit, white sneakers outfit, old money style, korean fashion men, streetwear men, everyday outfits, smart casual men, college outfit ideas, date outfit men, winter casual style, men's wardrobe essentials, fashion under 500, affordable shirts, stylish outfits, outfit inspiration, men's style tips, trendy men's clothing, aesthetic outfits, flannel styling, casual fashion, budget shopping, outfit ideas for men, men's clothing ]

#mensfashion #budgetfashion #checkshirt #outfitideas #mensstyle","Follow @budgetfitzz for daily budget outfits, affordable fashion finds, and styling tips.",15:30,123450,214888,5610,1797,66,247,,,,2026-07-10,15,Friday,Afternoon,Emotional / social,Follow,7720,6.25354394491697,4.544349939246659,1.4556500607533414,0.0534629404617254,0.20008100445524502,1.7406885378695829,,,12253,9.925475901174565,False,typical
128,2026-07-11,post,Color Combo Guide,Promotion,Men in these outfit combos ✨🫠>>>,"FOLLOW THEN COMMENT “LINK” FOR ALL LINKS 👇
Men in these outfit combos ✨🫠>>>

 🤍 White Shirt + Sky Blue Pants
Fresh, clean & rich aesthetic. Gives soft luxury vibe and looks amazing in daylight or summer outings.

💙 Navy Blue Shirt + White Pants
Clean, classy & expensive vibe. Perfect for dates, vacations, casual outings or when you want to look polished without doing too much.

🤍 Beige Shirt + Black Pants
Minimal but premium looking combo. Looks mature, stylish and works perfectly for college, cafés or everyday wear.

🍷 Wine Shirt + Cream Pants
Elegant & masculine combo. Gives classy old-money energy instantly. Perfect for dinners, parties & evening plans.

💚 Dark Green Shirt + Beige Pants
Underrated but attractive combo. Looks calm, mature and stylish without being loud. Great for clean aesthetic fits.

🩷 Pink Shirt + Sky Blue Pants
Soft, fresh & aesthetic vibe. Looks surprisingly stylish in photos and perfect for daytime outings or vacations.

🩵 Dusty Blue Shirt + Cream Pants
Simple but premium looking combo. Gives effortless classy vibe and works for almost every occasion.

🤎 Dark Brown Shirt + White Pants
Masculine & timeless combo. Gives rich classy vibe instantly. Perfect for dinners, evening outings & mature looks.

Styling tip: Neutral pants like white, cream, beige or black instantly make shirt colors look more expensive if the fit is clean.

Follow @budgetfitzz for more.

[best shirt pant combination men, affordable fashion for men, shirt pant combination men, old money outfits men, men styling tips, clean outfit aesthetic men, classy outfit ideas men, men fashion under budget, smart casual outfits men, rich looking outfits men, korean outfits men, aesthetic outfits men, shirt color combination men, affordable menswear, mens casual fashion, men wardrobe essentials, expensive looking outfits men, date outfit ideas men, everyday outfit ideas men, vacation outfits men, classy dressing men, menswear inspiration, stylish outfit ideas men, trendy outfits men, affordable outfit ideas, mens fashion trends, casual outfit men, luxury outfits men, stylish men outfits, outfit ideas men]

#mensfashion #casualstyle #budgetfashion #outfitideas #menswear",Follow @budgetfitzz for more.,02:00,663160,1173956,26050,7108,1188,1374,,,,2026-07-11,2,Saturday,Late night,Direct utility,Follow,35720,5.3863321068822,3.928162132818626,1.071837867181374,0.17914228843717955,0.20718981844502082,1.7702454912841548,,,57622,8.68900416189155,False,typical
129,2026-07-11,video,Outfit Ideas,Community,Rank your Top 3 brands in the comments 👇,"Rank your Top 3 brands in the comments 👇
Follow @budgetfitzz for daily outfit ideas and fashion inspiration.

Everyone has different style preferences.
Here are some of the most well-known fashion brands. Which three are your personal favorites?
Comment your Top 3 below.
Save this post if you enjoy fashion content, and share it with a friend who likes discussing brands.
Follow @budgetfitzz for more men's fashion inspiration, outfit ideas, and style content.
[men's fashion, men's style, fashion brands, designer brands, luxury fashion, casual style, streetwear, old money style, smart casual, outfit inspiration, style inspiration, Gucci, Louis Vuitton, Chanel, Dior, Hermès, Ralph Lauren, Lacoste, Tommy Hilfiger, Burberry, Armani, Prada, Versace, Fendi, Dolce & Gabbana, Valentino, Saint Laurent, Balenciaga, Celine, Givenchy, Moncler]
#mensfashion #mensstyle #fashion #outfitideas #style","Follow @budgetfitzz for more men's fashion inspiration, outfit ideas, and style content.",05:47,5047425,7934953,200221,1676,4223,5134,4585961.0,16306364.0,6.7,2026-07-11,5,Saturday,Late night,List / specificity,Follow,211254,4.185381655002303,3.9667949499001964,0.03320505009980337,0.08366642396865728,0.10171523103364587,1.5720794266383353,3.555713622510091,53.07035257477748,242677,4.8079367202088195,False,weak
130,2026-07-11,post,Outfit Ideas,Promotion,These T-shirts ✨️ >>>>,"Follow then Comment ""LINK"" for all outfit links 🔗
These T-shirts ✨️ >>>>
A few well-picked T-shirts are all you need for effortless everyday outfits this summer. Simple styles, versatile colors, and easy-to-wear designs that work for almost every casual occasion. ☀️
Here's what each style adds to your wardrobe:
🤍 Graphic Tee → Bold, eye-catching, and perfect for making a statement.
💙 Sport-Inspired Tee → Clean, sporty, and easy to style.
🖤 Minimal Tee → Simple, versatile, and goes with almost everything.
🤎 Contrast Panel Tee → Vintage-inspired and relaxed.
🖤 Washed Tee → Casual, timeless, and ideal for daily wear.
💚 Polo T-Shirt → Smart, polished, and effortlessly stylish.
🤍💜 Contrast Sleeve Tee → Fresh, youthful, and comfortable.
🤍💙 Classic Raglan Tee → Sporty, clean, and perfect for everyday outfits.
💰 Starting at ₹199
💬 Comment ""LINK"" and I'll send you all the outfit links.
📌 Save this post for your next shopping haul.
📤 Share it with a friend who loves budget fashion.
Follow @budgetfitzz for daily budget outfits, affordable fashion finds, and styling tips.
[ men's fashion, t shirt for men, summer t shirts, affordable t shirts, budget fashion, casual outfits men, graphic tee, polo t shirt men, raglan t shirt, everyday outfits, men's wardrobe essentials, affordable clothing, outfit inspiration, stylish t shirts, casual wear, college outfits, daily outfits, fashion under 500, summer outfits men, minimalist style, trendy men's clothing, aesthetic outfits, budget shopping, men's style tips, outfit ideas for men, casual fashion, affordable style, wardrobe essentials, men's clothing, everyday fashion ]
#mensfashion #budgetfashion #tshirt #outfitideas #mensstyle","Follow @budgetfitzz for daily budget outfits, affordable fashion finds, and styling tips.",09:51,107100,158317,5011,1415,120,296,,,,2026-07-11,9,Saturday,Morning,Emotional / social,Follow,6842,6.388422035480859,4.678804855275444,1.3211951447245565,0.11204481792717086,0.27637721755368816,1.4782166199813258,,,10920,10.196078431372548,False,typical
131,2026-07-11,post,Outfit Ideas,Promotion,GUESS THE CAR MODEL 🤔😁 >>>,"FOLLOW THEN COMMENT “LINK” FOR OUTFITS LINKS
GUESS THE CAR MODEL 🤔😁 >>>

These shirt + jeans combos look classy✨️ 😮‍💨>>>

Clean colors. Good fit. Zero overthinking.

🩷 Pink Check Shirt + White Jeans
Soft but stylish. Clean aesthetic that looks expensive without trying too hard.

💙 Navy Check Shirt + Grey Jeans
Sharp, mature & effortlessly classy. One of the cleanest smart casual combos.

💚 Sage Green Check Shirt + White Jeans
Fresh, minimal & rich-looking combo. Gives clean old-money vibes instantly.

🧡 Rust Check Shirt + Black Jeans
Bold & masculine. Perfect if you want a standout premium look.

💙 Sky Blue Check Shirt + White Jeans
Fresh, bright & perfect for everyday premium outfits.

🤎 Brown Check Shirt + White Jeans
Warm, classy and timeless. Rich-boy aesthetic done right.

Which combo are you picking first? 👀👇
1, 2, 3, 4, 5 or 6?

Follow @budgetfitzz for more affordable fashion finds 🌟

[shirt jeans combination men, check shirt outfit men, white jeans outfit men, classy outfits men, affordable fashion men india, rich looking outfits men, old money outfits men, mens fashion india, smart casual outfits men, aesthetic outfits men, premium outfit ideas men, stylish men outfits, men styling tips, casual outfits men, menswear inspiration]
#mensfashion #mensstyle #mensoutfits #oldmoney #fashionformen",Follow @budgetfitzz for more affordable fashion finds 🌟,12:24,681840,850009,27101,6991,1327,2149,,,,2026-07-11,12,Saturday,Afternoon,Emotional / social,Follow,37568,5.5097970198286985,3.9746861433767453,1.0253138566232547,0.19462043881262467,0.31517658101607415,1.2466399741874927,,,61978,9.089815792561305,False,typical
132,2026-07-11,post,Color Combo Guide,Education,"Save this color guide, you’ll need it later >>","Save this color guide, you’ll need it later >>
Follow then Comment ""Link"" for all outfits links 🖇

Best color combinations every guy should know 😮‍💨✨
Simple colors. But the right combo makes you look 10x better.

🍷 Wine Red Shirt + Black Pants
Bold, classy and expensive-looking without trying.
Perfect for date nights, parties & evening fits 🔥

🩷 Baby Pink Shirt + White Pants
Clean, soft and surprisingly attractive.
One of the best summer color combos for men 🌸

🩵 Ice Blue Shirt + White Pants
Fresh, minimal and effortless.
The easiest rich-boy summer vibe combo ❄️

💜 Lavender Shirt + White Pants
Underrated but insanely clean.
Looks premium and stands out without being loud ✨

🤎 Beige Shirt + Black Pants
Minimal, mature and timeless.
Quiet luxury vibes on a budget 😌

🖤 Black Shirt + Grey Pants
Sharp, sleek and always attractive.
The safest combo when you want to look premium 🖤

💙 Navy Blue Shirt + White Pants
Classic combo that never misses.
Confident, clean and super versatile 👌

🤍 White Shirt + Beige Pants
Minimal aesthetic done right.
Simple but effortlessly stylish 🤍

Which combo are you wearing first? 👀
Follow @budgetfitzz for daily men’s fashion inspo 🌟

[ best color combination for men, men fashion guide, shirt pant color combinations men, outfit color combinations for men, men outfit ideas, summer outfit ideas men, classy outfit ideas for men, affordable fashion men, men styling tips, rich looking outfits men, casual outfit ideas men, shirt matching pant combination, old money outfits men, men fashion india, men wardrobe essentials, attractive outfits for men, pinterest outfits men, aesthetic outfit ideas men, men styling guide, budget outfit ideas for men ]
#mensfashion #mensoutfitideas #mensstyleguide #colorcombinationsoutfits #menswear",Follow @budgetfitzz for daily men’s fashion inspo 🌟,15:10,115033,186226,5304,1598,166,539,,,,2026-07-11,15,Saturday,Afternoon,Direct utility,Follow,7607,6.612884998217902,4.610850799335843,1.3891665869793886,0.14430641641963612,0.4685611954830353,1.6188919701303104,,,12918,11.229821007884693,False,strong
133,2026-07-11,video,Outfit Ideas,Education,Follow to learn the fashion details most men overlook.,"Follow to learn the fashion details most men overlook.
Fashion isn't just about buying clothes.
It's about noticing the small details that make great outfits stand out. 👀

Comment ""LINK"" if you recognized these logos before reading the names. 👇

Some logos have become icons because of their long history and recognizable design.

🖤 Polo Ralph Lauren
A timeless classic known for clean, versatile styling.

🤎 Brunello Cucinelli
Known for refined craftsmanship and understated luxury.

🤍 Loro Piana
Minimal design with a focus on premium materials.

🤍 Hermès
Recognizable for its heritage and classic design language.

💙 Brooks Brothers
One of the most well-known names in traditional menswear.

Good style isn't about wearing the most expensive brands.
It's about understanding fit, colors, quality, and timeless design.

How many did you recognize before seeing the names? 👀👇
1, 2, 3, 4 or 5?

Follow @budgetfitzz for daily affordable men's fashion inspiration, outfit ideas, and styling tips.

[ mens fashion india, fashion brands men, men's style guide, menswear, outfit inspiration, wardrobe essentials, premium style, timeless fashion, classic menswear, affordable fashion men, men's clothing, styling tips, fashion education, casual outfits men, old money aesthetic, minimalist fashion, men's wardrobe, fashion inspiration, outfit ideas, men's fashion tips ]

#mensfashion #mensstyle #menswear #fashiontips #outfitideas","Follow @budgetfitzz for daily affordable men's fashion inspiration, outfit ideas, and styling tips.",16:50,4037,6815,239,84,8,21,553985.0,2167935.0,6.3,2026-07-11,16,Saturday,Afternoon,Other,Follow,352,8.71934604904632,5.920237800346792,2.0807530344315084,0.19816695566014364,0.5201882586078771,1.688134753529849,3.913346029224618,62.116603638486,607,15.035917760713403,True,strong
134,2026-07-12,post,Color Combo Guide,Promotion,Men in these color combinations ✨🫶 >>>,"Follow then Comment ""Link"" for all outfit links 🔗
Men in these color combinations ✨🫶 >>>

The right color combination can literally make a ₹500 outfit look premium.

▫️ Wine Shirt + Black Pants → Gives a rich, classy and slightly luxury vibe. Perfect for dinners, dates, parties or evening outings. Makes you look more mature and sharp.

▫️ Black Shirt + Grey Pants → Clean, masculine and expensive-looking combination. Best when you want a minimal but powerful look. Great for cafés, night outings and photos.

▫️ Navy Blue Shirt + Light Grey Pants → Calm, clean and elegant. Looks polished without trying too hard. One of the safest combinations for college, office or casual events.

▫️ Pink Shirt + Cream Pants → Soft, fresh and underrated. Makes you stand out in a clean way instead of looking loud. Best for daytime outings and vacations.

▫️ Beige Shirt + Black Pants → Minimal and premium looking. Gives a balanced smart-casual vibe and works on almost every skin tone.

▫️ Sky Blue Shirt + Off White Pants → Fresh, rich and very clean aesthetic. Great for summer outfits and daytime looks.

▫️ Sage Green Shirt + Grey Pants → Subtle but stylish. Looks modern, calm and expensive without trying too hard.

▫️ Dark Brown Shirt + Cream Pants → One of the most underrated luxury combinations. Looks warm, rich and very old-money coded.

▫️ Lavender Shirt + Off White Pants → Soft premium vibe. Looks stylish, clean and different from basic colors.

▫️ White Shirt + Dark Brown Pants → Quiet luxury / old money vibe. Looks clean, mature and timeless. Perfect if you want a classy look without wearing black.

Tip:
If your shirt color is bold, keep pants neutral. It instantly makes the outfit look more expensive and balanced.

Follow @budgetfitzz for more.

[best color combination outfit ideas for men, men outfit color combinations, best shirt pant combination for men, mens fashion outfits, old money outfits men, clean outfit ideas men, smart casual outfits men, mens style guide, rich looking outfits for men, classy outfit ideas men, expensive looking outfits men, shirt pant combination ideas, best men fashion combinations, formal outfit ideas men, casual outfit ideas men ]",Follow @budgetfitzz for more.,02:00,94716,165426,4459,1224,191,345,,,,2026-07-12,2,Sunday,Late night,Emotional / social,Follow,6219,6.5659445077917145,4.707757928966594,1.2922843025465602,0.20165547531568054,0.3642468009628785,1.7465475737995693,,,10275,10.848219941720512,False,strong
135,2026-07-12,post,Color Combo Guide,Promotion,These outfits 💀🔥 >>>>,"Follow then Comment ""LINK"" for all outfit links 🔗
These outfits 💀🔥 >>>>

Easy summer outfits don't have to be expensive. The right color combinations can make even simple basics look clean and well put together.

Here are a few easy outfit combinations:

🤍 White Jersey + Black Track Pants + Slides → Clean, sporty, and everyday ready.

🤎 Burgundy Jersey + White Track Pants + Slides → Fresh contrast with a standout look.

🖤 Black Graphic Jersey + White Track Pants + Slides → Bold, modern, and eye-catching.

💙 Sky Blue Jersey + Black Track Pants + Slides → Relaxed, bright, and perfect for summer.

❤️💙 Navy Polo + White Track Pants + Slides → Smart casual with a sporty touch.

💰 Jersey: ₹149–₹190
👖 Track Pants: ₹249–₹250
🩴 Slides: ₹80

💬 Comment ""LINK"" and I'll send you all the outfit links.

📌 Save this post for your next shopping haul.
📤 Share it with someone looking for affordable summer outfit ideas.

Follow @budgetfitzz for daily budget outfits, affordable fashion finds, and styling tips.

[ mens fashion, summer outfits men, budget fashion, affordable outfits, jersey outfit, track pants outfit, slides outfit, casual outfits men, sporty outfits, everyday style, college outfits, men's outfit ideas, affordable clothing, men's wardrobe essentials, casual fashion, summer fashion, stylish outfits, fashion under 500, outfit inspiration, men's style tips, trendy outfits, daily wear outfits, budget shopping, aesthetic outfits, men's clothing, comfortable outfits, streetwear style, casual wear men, outfit combinations, men's fashion india ]

#mensfashion #budgetfashion #summeroutfits #outfitideas #mensstyle","Follow @budgetfitzz for daily budget outfits, affordable fashion finds, and styling tips.",07:50,127316,208216,6016,1623,207,306,,,,2026-07-12,7,Sunday,Morning,Emotional / social,Follow,8152,6.40296584875428,4.725250557667536,1.2747808602218103,0.16258757736655252,0.24034685349838195,1.635426812026768,,,12937,10.161330861792704,False,typical
136,2026-07-12,post,Outfit Ideas,Promotion,These birthday outfits ✨️💗 >>>>>,"Follow then Comment ""GIFT"" for all outfit links 🔗
These birthday outfits ✨️💗 >>>>>

The best birthday outfit isn't the most expensive one—it's the one that fits well and looks effortless.

Whether you're going out for dinner, a party, or a casual celebration, these outfit combinations will keep you looking sharp. 🎉

Featured outfit ideas:

🤎 Brown Overshirt + Cream Jeans + White Sneakers

🤍 Textured White Shirt + Light Blue Jeans + White Sneakers

🩵 Blue Check Shirt + Charcoal Jeans + White Sneakers

💙 Blue Striped Shirt + Cream Trousers + Black Chelsea Boots

🖤 Navy Quarter-Zip + Black Trousers + Black Chelsea Boots

🍂 Brown Overshirt + Cream Jeans + White Sneakers

A clean color palette, proper fit, and classic footwear will always look better than chasing trends.

Comment ""LINK"" and I'll send you all the outfit links. 👇

Follow @budgetfitzz for more affordable men's fashion inspiration.

[ birthday outfit men, birthday outfits for men, birthday party outfit men, birthday fashion men, birthday look for men, classy birthday outfit, old money birthday outfit, smart casual outfit men, men's style guide, affordable men's fashion, men's wardrobe essentials, premium outfit ideas, aesthetic outfits men, korean style men, fashion india ]

#birthdayoutfit #mensfashion #mensstyle #oldmoneyaesthetic #fashionformen",Follow @budgetfitzz for more affordable men's fashion inspiration.,12:30,406600,715468,15750,4580,703,508,,,,2026-07-12,12,Sunday,Afternoon,Emotional / social,Follow,21541,5.297835710772258,3.8735858337432365,1.1264141662567635,0.17289719626168223,0.12493851451057551,1.759636005902607,,,34334,8.444171175602557,False,weak
137,2026-07-12,video,Outfit Ideas,Promotion,Share this with a friend who still wears random skinny pants,"Share this with a friend who still wears random skinny pants
Follow then Comment ""LINK"" to get all pant links 🔗

A solid wardrobe starts with the right pants. 
These 9 essentials can cover almost every occasion—from everyday casual to smart casual.

Here's what each one adds to your wardrobe:

🤎 Beige Linen Pants → Light, breathable, and perfect for a clean summer look.

🤍 White Linen Pants → Fresh, minimal, and great for vacation or resort outfits.

🩶 Grey Linen Pants → Versatile, modern, and easy to pair with almost any shirt.

💙 Light Blue Jeans → Casual, timeless, and an everyday essential.

💙 Dark Blue Jeans → Clean, versatile, and works from day to night.

🖤 Black Jeans → Sharp, simple, and easy to dress up or down.

🖤 Black Trousers → Smart, polished, and ideal for formal or semi-formal outfits.

🤎 Beige Trousers → Sophisticated, neutral, and effortlessly stylish.

🤍 White Trousers → Clean, premium-looking, and perfect for elevated summer outfits.

You don't need dozens of pants—just the right essentials that work with everything.

💬 Comment ""LINK"" and I'll send you every product link.
📌 Save this post for your next shopping haul.
📤 Share it with someone building their wardrobe.
Follow @budgetfitzz for daily budget outfits, affordable fashion finds, and styling tips.

[ men's fashion, pants for men, wardrobe essentials, linen pants men, trousers men, jeans for men, light blue jeans, black jeans, smart casual men, casual outfits, affordable fashion, budget fashion, men's wardrobe, outfit ideas, men's style tips, everyday outfits, old money style, korean fashion men, minimalist wardrobe, summer outfits men, casual fashion, affordable clothing, men's clothing, fashion under 500, style inspiration, wardrobe basics, menswear, timeless fashion, outfit inspiration, men's style ]
#mensfashion #budgetfashion #pantsformen #outfitideas #mensstyle","Follow @budgetfitzz for daily budget outfits, affordable fashion finds, and styling tips.",15:00,20600,25045,974,262,24,68,573169.0,2436609.0,6.3,2026-07-12,15,Sunday,Afternoon,Other,Follow,1328,6.4466019417475735,4.728155339805825,1.2718446601941749,0.11650485436893204,0.33009708737864074,1.215776699029126,4.251117907632827,67.4780620259179,2128,10.330097087378642,True,typical
138,2026-07-13,post,Budget Finds,Promotion,Shirts you must have >>>>,"Shirts you must have >>>>
Follow then Comment ""LINK"" for links 🖇

Must have shirts for men in 2026 >>>

[ attractive shirts for summer, rich look shirts under budget, college fashion for summer, oldmoney fashion, best fashion finds, oldmoney shirts in budet,  affordable fashion finds under budget,  trending fashion ]

Follow @budgetfitzz for more.

#richlook #oldmoneyshirts #shirts #afforɗablefshion #underbudget",Follow @budgetfitzz for more.,02:00,95950,171977,4433,1324,71,264,,,,2026-07-13,2,Monday,Late night,Emotional / social,Follow,6092,6.349140177175612,4.620114643043252,1.3798853569567484,0.07399687337154769,0.27514330380406465,1.7923606044815008,,,9745,10.156331422615946,False,typical
139,2026-07-13,post,Budget Finds,Promotion,These T-shirts 🥵🔥 >>>,"Follow then Comment ""LINK"" for all T-shirt links 🔗
These T-shirts 🥵🔥 >>>

Oversized tees under ₹199 that actually look premium.

Whether you're into anime, minimal, vintage wash, graphic prints, or clean everyday fits—these picks are easy to style and budget-friendly.

🔥 Featured styles: • Anime Graphic Tee • Acid Wash Oversized Tee • Minimal Embroidered Tee • Vintage Brown Tee • Flame Graphic Tee • Streetwear Graphic Tee • Clean Everyday Oversized Tee

Comment ""LINK"" and I'll send you all the T-shirt links. 👇

Follow @budgetfitzz for more affordable men's fashion finds.

[ oversized t shirt for men, anime t shirt, graphic t shirt men, vintage wash t shirt, acid wash oversized tee, streetwear t shirt, minimalist t shirt, aesthetic t shirt, baggy t shirt men, casual oversized outfit, budget fashion india, men's fashion under 299, trendy t shirts for men, korean streetwear, affordable oversized tees ]

#mensfashion #oversizedtee #streetwear #budgetfashion #fashionformen",Follow @budgetfitzz for more affordable men's fashion finds.,08:11,417040,595756,16099,4753,785,1160,,,,2026-07-13,8,Monday,Morning,Emotional / social,Follow,22797,5.46638212161903,3.860301170151544,1.1396988298484558,0.18823134471513525,0.2781507769038941,1.4285344331478995,,,38138,9.14492614617303,False,typical
140,2026-07-13,post,Color Combo Guide,Promotion,These outfits ✨️🩷 >>>>,"Follow then Comment ""LINK"" for all outfit links 🔗
These outfits ✨️🩷 >>>>

Whether it's a casual ride, café date, college, or weekend outing, these color combinations give a premium look without spending a fortune.

✨ Swipe to see: • Wine + White ❤️ • Sky Blue + White 💙 • Brown + White 🤎 • Forest Green + White 💚

Comment ""LINK"" and I'll send you all the outfit links. 👇

Follow @budgetfitzz for more budget-friendly men's fashion.

[ men outfit ideas, white trouser outfit, casual shirt combination, shirt pant combination, old money outfit, classy men's outfit, summer outfit men, casual fashion india, aesthetic outfits for men, affordable men's fashion, date outfit men, bike ride outfit, smart casual style, men's style inspiration, budget fashion india, premium look on budget, color combination for men, everyday outfits ]

#mensfashion #oldmoney #outfitideas #budgetfashion #styleformen",Follow @budgetfitzz for more budget-friendly men's fashion.,12:59,502520,855790,19227,5899,552,975,,,,2026-07-13,12,Monday,Afternoon,Emotional / social,Follow,26653,5.303868502746159,3.8261163734776726,1.1738836265223274,0.10984637427366076,0.1940221284724986,1.7029968956459445,,,43032,8.563241264029292,False,weak
141,2026-07-13,video,Color Combo Guide,Education,The right color combination can make even simple clothes look premium.,"Follow then Comment ""LINK"" for all outfit links 🔗
The right color combination can make even simple clothes look premium.

Save this guide for the next time you're shopping or planning an outfit.

✔️ Black Trouser → White, Light Grey, Brown Shirt
✔️ Beige Trouser → White, Olive, Black Shirt
✔️ White Trouser → Navy Blue, Black, Olive Shirt

Comment ""LINK"" and I'll send you all the outfit links. 👇

Follow @budgetfitzz for more men's fashion tips and budget outfit ideas.

[ men's color combination, shirt pant color combination, men's outfit guide, shirt matching pants, black trouser outfit, beige trouser outfit, white trouser outfit, old money style, smart casual men, men's fashion tips, classy outfit ideas, formal casual outfits, wardrobe essentials men, color matching guide, budget fashion india, men's style inspiration, premium outfits, everyday men's fashion ]

#mensfashion #colorcombination #oldmoney #outfitideas #budgetfashion",Follow @budgetfitzz for more men's fashion tips and budget outfit ideas.,15:00,1771400,2416267,70456,400,863,9901,3114498.0,10958300.0,6.4,2026-07-13,15,Monday,Afternoon,Aspirational,Follow,81620,4.607654962176809,3.977418990628881,0.022581009371118888,0.048718527718189,0.5589364344586203,1.364043694253133,3.518480345789273,54.976255402957385,114712,6.4757818674494745,True,weak
142,2026-07-14,post,Outfit Ideas,Promotion,Minimal outfits. Maximum impact. ✨,"Follow then Comment ""LINK"" for all outfit links 🔗

Minimal outfits. Maximum impact. ✨

These clean shirt combinations are perfect for college, casual outings, coffee dates, vacations, and everyday wear without trying too hard.

🤍 Olive Shirt + White Jeans
🤎 Brown Shirt + Cream Jeans
🩵 Sage Shirt + Light Blue Jeans
🤍 Off-White Shirt + Light Blue Jeans

Comment ""LINK"" and I'll send you all the outfit links. 👇

Follow @budgetfitzz for more men's fashion and budget outfit ideas.

[ men's casual outfits, shirt jeans combination, olive shirt outfit, brown shirt outfit, white shirt outfit, sage green shirt, light blue jeans outfit, cream jeans men, old money style, smart casual men, minimalist fashion, everyday outfits, men's wardrobe essentials, aesthetic outfits, college outfit ideas, date outfit men, affordable fashion india, men's style guide ]

#mensfashion #outfitideas #oldmoney #mensstyle #budgetfashion",Follow @budgetfitzz for more men's fashion and budget outfit ideas.,02:00,123416,208294,5414,1991,270,432,,,,2026-07-14,2,Tuesday,Late night,Other,Follow,8107,6.568840344849939,4.386789395216179,1.6132430154923185,0.21877228236209245,0.3500356517793479,1.6877390289751735,,,14195,11.501750178258897,False,strong
143,2026-07-14,post,Color Combo Guide,Promotion,"Save this color guide, you'll need it later >>","Save this color guide, you'll need it later >>
Follow then Comment ""LINK"" for all outfit links 🖇

Best shirt color combinations every guy should know 😮‍💨✨
Simple colors. But the right combo makes you look 10x better.

🍷 Wine Red Shirt + White Pants
Bold, rich and effortlessly premium.
Perfect for date nights, dinners & festive occasions ❤️

🧱 Molten Brick Shirt + White Pants
Warm earthy tones with a modern aesthetic.
A unique combo that stands out without being loud 🍂

🌲 Forest Green Shirt + White Pants
Clean, masculine and timeless.
One of the best color combinations for smart casual outfits 🌿

💙 Navy Blue Shirt + White Pants
A classic pairing that never goes out of style.
Sharp, versatile and suitable for almost every occasion 👌

🍋 Lemon Yellow Shirt + White Pants
Fresh, bright and perfect for sunny days.
A clean summer outfit that instantly grabs attention ☀️

🩷 Light Pink Shirt + White Pants
Soft, minimal and surprisingly attractive.
An effortless choice for brunch, cafés & summer outings 🌸

Which color are you wearing first? 👀👇

Follow @budgetfitzz for daily men's fashion inspo 🌟

[ best color combination for men, shirt color combinations men, white pants outfit men, wine red shirt outfit, navy blue shirt white pants, forest green shirt outfit, light pink shirt men, lemon yellow shirt outfit, molten brick shirt, summer outfit ideas men, classy outfit ideas men, shirt pant color combinations, old money outfits men, affordable fashion men, men fashion guide, casual outfit ideas men, aesthetic outfits men, mens fashion india, wardrobe essentials men, pinterest outfits men ]

#mensfashion #mensoutfitideas #mensstyleguide #colorcombinations #menswear",Follow @budgetfitzz for daily men's fashion inspo 🌟,07:30,81766,125368,3625,1281,147,279,,,,2026-07-14,7,Tuesday,Morning,Direct utility,Follow,5332,6.52104786830712,4.433383068757185,1.5666658513318494,0.1797813272020155,0.3412176210160702,1.5332534305212435,,,9172,11.217376415625075,False,strong
144,2026-07-14,post,Outfit Ideas,Promotion,These outfit combos do the talking before you even say a word. 🖤,"Follow then Comment ""LINK"" for all outfit links 🔗
These outfit combos do the talking before you even say a word. 🖤

Whether you're heading to college, a date, a café, or a night out, these shirt + jeans combinations are clean, versatile, and easy to style.

🔥 Featured Fits: • Maroon Ombre Shirt + Black Baggy Jeans
• Blue Check Shirt + Black Jeans
• Neutral Check Shirt + Vintage Blue Jeans
• Red & Black Flannel + Grey Washed Jeans

Comment ""LINK"" and I'll send you every outfit link. 👇

Follow @budgetfitzz for more budget-friendly men's fashion and outfit inspiration.

[ men's outfits, shirt and jeans combination, baggy jeans outfit, check shirt outfit, flannel outfit men, casual men's fashion, affordable outfits, college outfit ideas, date night outfit, streetwear men, oversized shirt outfit, aesthetic fashion, smart casual men, trendy outfits, everyday style, men's wardrobe essentials, budget fashion india, men's style guide, outfit inspiration, fashion reels ]

#mensfashion #outfitideas #mensstyle #streetwear #budgetfashion",Follow @budgetfitzz for more budget-friendly men's fashion and outfit inspiration.,12:30,55600,95064,2441,895,48,128,,,,2026-07-14,12,Tuesday,Afternoon,Direct utility,Follow,3512,6.316546762589928,4.390287769784173,1.6097122302158273,0.08633093525179857,0.23021582733812948,1.7097841726618705,,,5830,10.485611510791367,False,typical
145,2026-07-15,post,Sneaker Review,Promotion,Aura of Boots 💀🔥 >>>>>,"Follow then Comment ""LINK"" for all product links 🔗
Aura of Boots 💀🔥 >>>>>

The right footwear can upgrade your entire outfit. These are some of the best budget picks that look far more expensive than they cost.

👟 Featured Picks: • Premium Brown Clogs – ₹299
• Black Chelsea Boots – ₹299
• Matte Black Double-Strap Slides – ₹199
• Black & White Sneakers – ₹199
• White Gum Sole Sneakers – ₹309
• RedTape Style Chunky Sneakers – ₹799

Comment ""LINK"" and I'll send you all the links instantly. 👇

Follow @budgetfitzz for more budget-friendly fashion finds, sneakers, footwear deals, and daily men's style inspiration.

[ men's footwear, budget shoes, sneakers under 1000, affordable footwear, men's sneakers, chelsea boots, clogs for men, slides for men, casual shoes, everyday sneakers, white sneakers, black sneakers, premium footwear, men's fashion, budget fashion india, streetwear shoes, stylish footwear, trending shoes, shoe collection, outfit essentials ]

#mensfashion #sneakers #footwear #budgetfinds #mensstyle","Follow @budgetfitzz for more budget-friendly fashion finds, sneakers, footwear deals, and daily men's style inspiration.",02:00,49850,63683,2332,659,112,140,,,,2026-07-15,2,Wednesday,Late night,Aspirational,Follow,3243,6.505516549648947,4.6780341023069205,1.3219658976930793,0.22467402206619858,0.28084252758274825,1.2774924774322969,,,5317,10.665997993981946,False,strong
146,2026-07-15,post,Color Combo Guide,Promotion,Men in these shirts ✨ >>>>,"Follow then Comment ""Link"" for shirt links 🖇
Men in these shirts ✨ >>>>

🖤 Black Shirt + Charcoal Grey Jeans
A clean monochrome combination that never goes out of style. Minimal, masculine and perfect for college, evening outings or casual dinners.

💛 Pastel Yellow Shirt + Light Blue Jeans
Fresh and vibrant without being loud. A perfect summer outfit that feels light, cheerful and effortlessly stylish.

🩵 Sky Blue Shirt + White Jeans
Crisp, refreshing and premium-looking. The soft blue paired with white creates a classy old-money aesthetic for brunches, vacations and daytime events.

🩷 Pastel Pink Shirt + Grey Jeans
Soft colors balanced with dark denim create a modern, polished look. Stylish enough for dates while staying simple and versatile.

🤎 Chocolate Brown Shirt + Cream Jeans
Rich earthy tones that instantly elevate your outfit. A timeless combination that looks mature, expensive and perfect for cafés or weekend outings.

🤍 White Shirt + Dark Blue Jeans
A classic wardrobe essential. Clean, sharp and suitable for almost every occasion, from casual office wear to evening meetups.

Styling Tip: Keep your shirt tucked or half-tucked with clean sneakers or loafers. Solid shirts paired with contrasting denim create a timeless, premium-looking outfit without much effort.

Follow @budgetfitzz for more.

[solid shirts for men, plain shirt outfits men, affordable shirts for men, mens casual fashion, shirt styling tips men, smart casual outfits men, old money outfits men, korean fashion men, aesthetic outfits men, rich looking outfits men, shirt and jeans combination, casual outfit ideas men, menswear inspiration, affordable menswear, everyday outfit ideas men, classy dressing men, trendy outfits men, men wardrobe essentials, fashion tips for men, premium outfits men, date outfit ideas men, vacation outfits men, stylish men outfits, office casual outfits men, shirt color combinations men, minimalist fashion men, budget fashion men, mens fashion india, everyday style men, timeless menswear]

#mensfashion #mensstyle #outfitideas #menswear #budgetfashion",Follow @budgetfitzz for more.,07:20,109600,146555,4975,1601,183,303,,,,2026-07-15,7,Wednesday,Morning,Emotional / social,Follow,7062,6.443430656934307,4.539233576642335,1.4607664233576643,0.16697080291970803,0.27645985401459855,1.3371806569343065,,,11722,10.695255474452555,False,strong
147,2026-07-15,post,Outfit Ideas,Promotion,Summer outfit ideas under budget 😮‍💨✨ >>>,"Follow then Comment ""LINK"" for all outfit links 👇🔗
Summer outfit ideas under budget 😮‍💨✨ >>>

🤍 White Graphic T-Shirt + Black Relaxed Pants — ₹528/-
A clean monochrome combination that's easy to style for everyday wear.

🖤 Minimal White Tee + Black Relaxed Pants — ₹528/-
Simple, versatile and comfortable for college, travel and casual outings.

⚪ White Printed T-Shirt + Black Side-Stripe Pants — ₹528/-
A sporty everyday outfit with a modern, relaxed look.

🌿 White Printed Polo + Black Relaxed Pants — ₹428/-
Comfortable, stylish and suitable for daily casual wear.

🤎 Graphic T-Shirt + Brown Relaxed Pants — ₹528/-
Neutral colors create a clean and balanced outfit that's easy to wear.

⚡ Grey Graphic T-Shirt + Black Relaxed Pants — ₹528/-
A timeless black and grey combination for effortless everyday styling.

Complete outfit combinations under ₹600 💸
📌 Save this post for future outfit ideas.
📤 Share it with someone who likes affordable fashion.
💬 Comment ""LINK"" if you'd like the outfit links.
Follow @budgetfitzz for daily budget outfit inspiration.

[ budget outfit ideas men, casual outfits men, affordable fashion men, summer outfit ideas men, relaxed fit outfits men, oversized t shirt outfit, everyday mens outfits, minimal outfits men, aesthetic outfits men, college outfit ideas men, streetwear outfits men, affordable menswear, budget fashion india, mens style inspiration, casual fashion men ]
#mensfashion #mensstyle #budgetfashion #summeroutfits #streetwear",Follow @budgetfitzz for daily budget outfit inspiration.,12:27,95366,134933,4412,1310,64,280,,,,2026-07-15,12,Wednesday,Afternoon,Direct utility,Follow,6066,6.360757502673908,4.626386762577858,1.3736551810917936,0.06710987144265251,0.29360568756160477,1.4148962942767862,,,9718,10.190214541870269,False,typical
148,2026-07-16,post,Color Combo Guide,Promotion,Men in these shirts ✨ >>>>,"Follow then Comment ""Link"" for shirt links 🖇
Men in these shirts ✨ >>>>

🤍 White Checked Shirt + Black Jeans
Fresh, clean and effortlessly stylish combo. The subtle checks add detail while black jeans keep the look sharp. Perfect for college, cafés and everyday wear.

🖤 Black Checked Shirt + Grey Jeans
Bold yet minimal combination. Gives a rugged masculine vibe without trying too hard. Great for casual outings and evening plans.

🤎 Brown Checked Shirt + Cream Jeans
Warm earthy tones create a premium old-money aesthetic. Looks mature, classy and perfect for relaxed weekends or vacations.

💙 Navy Checked Shirt + White Pants
Classic, timeless and rich-looking combo. The contrast feels clean and expensive, making it ideal for brunches, dates and summer evenings.

🩵 Mint Blue Shirt + Light Wash Jeans
Light, refreshing and perfect for summer. Gives a soft aesthetic vibe while keeping the outfit minimal and versatile.

🍷 Deep Plum Shirt + Charcoal Jeans
Elegant and masculine combination. Perfect for dinners, night outings and occasions where you want a more refined look.

❤️ Black & Burgundy Checked Shirt + Light Blue Jeans
A modern street-style combo that balances bold colors with light denim. Looks stylish, trendy and stands out without being loud.

Styling Tip: Let your shirt be the statement piece. Pair bold colors or checked patterns with solid neutral jeans to create a balanced, premium-looking outfit.

Follow @budgetfitzz for more.

[best checked shirts men, affordable fashion for men, checked shirt outfits men, mens casual fashion, shirt styling tips men, smart casual outfits men, old money outfits men, korean fashion men, aesthetic outfits men, rich looking outfits men, stylish shirts for men, shirt and jeans combination, casual outfit ideas men, menswear inspiration, affordable menswear, everyday outfit ideas men, classy dressing men, trendy outfits men, men wardrobe essentials, fashion tips for men, premium outfits men, date outfit ideas men, vacation outfits men, stylish men outfits, casual shirts for men, oversized shirt outfits men, shirt color combinations men, men fashion trends, outfit ideas men, budget fashion men]

#mensfashion #mensstyle",Follow @budgetfitzz for more.,02:00,100366,151771,4794,1228,196,268,,,,2026-07-16,2,Thursday,Late night,Emotional / social,Follow,6486,6.462347807026283,4.776517944323775,1.2235219098100951,0.19528525596317478,0.26702269692923897,1.5121754378972958,,,10334,10.296315485323715,False,strong
149,2026-07-16,post,Budget Finds,Promotion,Read Caption For Full Guide 👇,"Read Caption For Full Guide 👇
 
FOLLOW THEN COMMENT “LINK” FOR ALL LINKS 🔗
Men with clear skin energy ✨🫶 >>>

🧴 Facewash (According To Skin Type)
Dry Skin: Hydrating facewash works best because dry skin needs moisture and softer cleansing.
Oily Skin: Deep cleansing facewash helps remove excess oil, sweat and dirt buildup.

☀️ Sunscreen (Daily Must)
Oily Skin: Lightweight gel sunscreen feels less greasy and works better for oily faces.
Dry Skin: Hydrating sunscreen protects skin while keeping it soft and moisturized.

🫧 Cleanser
Oily Skin: Gentle cleanser removes oil and impurities without harming skin barrier.
Dry Skin: Mild cleanser keeps skin clean without making it feel dry or tight.

💧 Moisturizer
Oily Skin: Lightweight moisturizer hydrates without greasy shine.
Dry Skin: Thick moisturizer helps reduce dryness and keeps skin healthy.

✨ Optional Add-ons
Salicylic Acid: Helps reduce acne, clogged pores and dark spots.
Vitamin C: Helps with dull skin, uneven tone and pigmentation.

Tip: Even if you only do Facewash + Moisturizer + Sunscreen daily, your skin will improve massively.

Follow @budgetfitzz for more.

[men skincare routine, skincare for men, oily skin routine men, dry skin routine men, men skincare guide, beginner skincare routine, facewash for oily skin, facewash for dry skin, sunscreen for oily skin, sunscreen for dry skin, moisturizer for oily skin, moisturizer for dry skin, salicylic acid for acne, vitamin c serum benefits, clear skin tips men, acne free skin men, men glow up tips, mens grooming routine, skincare products men, healthy skin routine, glowing skin men, dark spots removal men, pigmentation skincare, skincare under budget, best skincare products for men, skincare tips for men, men self care, affordable skincare india, mens skincare products, clear skin routine]

#menskincare #mensgrooming #skincareroutine #glowup #menselfcare",Follow @budgetfitzz for more.,07:20,17016,29119,767,254,24,44,,,,2026-07-16,7,Thursday,Morning,Direct utility,Follow,1089,6.399858956276446,4.507522331922896,1.4927127409496943,0.14104372355430184,0.25858015984955335,1.7112717442407146,,,1801,10.5841560883874,False,typical
150,2026-07-16,post,Color Combo Guide,Promotion,Twinning Karien? 😚🤌✨️🩷 >>>,"Twinning Karien? 😚🤌✨️🩷 >>>
Follow then Comment ""Link"" for Couple Outfit Links 💖

💙 Blue Checked Shirt + Blue Floral Top
A fresh everyday combo with matching blue tones. Casual, comfortable and perfect for coffee dates or weekend outings.

🤎 Brown Checked Shirt + Black Printed Top
Warm earthy shades paired with subtle prints create a cozy, aesthetic look that's ideal for evening walks and café dates.

🤍 Beige Checked Shirt + Brown Floral Top
Soft neutral colors give a classy old-money vibe. Clean, elegant and perfect for vacations or relaxed weekends together.

🩷 Pink Striped Shirt + Pink Floral Top
Cute, playful and full of romantic vibes. A perfect twinning outfit for pictures, shopping dates and special moments.

🤍 White Linen Shirt + Sky Blue Floral Top
Minimal and timeless. The crisp white with soft blue creates a premium summer look that never goes out of style.

Styling Tip: Matching doesn't mean wearing identical outfits. Pair complementary colors, similar tones and clean white sneakers for a coordinated couple look that's effortless and stylish.

Follow @budgetfitzz for more.

[couple outfits, matching outfits for couples, twinning outfits, couple fashion ideas, matching shirts for couples, couple style inspiration, date outfit ideas, casual couple outfits, aesthetic couple fashion, korean couple outfits, old money couple outfits, summer couple outfits, stylish couple looks, his and her outfits, matching clothes for couples, affordable couple fashion, vacation outfits couples, cute couple outfits, coordinated outfits, men fashion, women fashion, relationship outfit ideas, outfit inspiration, trendy couple outfits, everyday couple style, matching date outfits, budget fashion, couple wardrobe ideas, fashion for couples, instagram couple outfits]

#coupleoutfits #couplefashion #matchingoutfits #outfitideas #budgetfashion",Follow @budgetfitzz for more.,12:42,21600,37281,990,306,25,36,,,,2026-07-16,12,Thursday,Afternoon,Question,Follow,1357,6.282407407407407,4.583333333333333,1.4166666666666665,0.11574074074074073,0.16666666666666669,1.7259722222222222,,,2152,9.962962962962962,False,typical
